article_id,product_code,prod_name,product_type_name,product_group_name,graphical_appearance_name,colour_group_name,perceived_colour_value_name,perceived_colour_master_name,department_name,index_group_name,section_no,section_name,detail_desc,price_mxn,image_url
690027001,690027,ELSA pullon,Trousers,Garment Lower body,Denim,Blue,Medium Dusty,Blue,Baby Girl Woven,Baby/Children,40,Baby Girl,"Pull-on trousers in soft denim with an elasticated drawstring waist, side pockets and narrow elastication at the hems.",487,https://retail-bucket-ai-project.s3.us-west-1.amazonaws.com/069/0690027001.jpg
690033001,690033,ESTER 3-p mixed PJ,Pyjama set,Nightwear,All over pattern,Light Pink,Light,Pink,Kids Girl UW/NW,Baby/Children,79,Girls Underwear & Basics,"Set with a long-sleeved top, pair of leggings and pair of shorts in jersey. Top with a sewn-on bow and print motif on the front. Leggings and shorts with an elasticated waist and all-over print. Shorts with a sewn-on bow at the front.",432,https://retail-bucket-ai-project.s3.us-west-1.amazonaws.com/069/0690033001.jpg
690048001,690048,Naomi no lic.,Top,Garment Upper body,Sequin,Grey,Dusty Light,Grey,License,Baby/Children,77,Young Girl,Long-sleeved jersey top with reversible sequins on the front and a rounded hem. Slightly longer at the back.,444,https://retail-bucket-ai-project.s3.us-west-1.amazonaws.com/069/0690048001.jpg
690054001,690054,ROSIE 10PACK boxer,Underwear bottom,Underwear,Solid,Light Pink,Light,Pink,Kids Girl UW/NW,Baby/Children,79,Girls Underwear & Basics,Boxer briefs in soft cotton jersey with an elasticated waist and a decorative bow at the front. Lined gusset.,515,https://retail-bucket-ai-project.s3.us-west-1.amazonaws.com/069/0690054001.jpg
690054002,690054,ROSIE 10-p solid boxers,Underwear bottom,Underwear,Solid,Light Turquoise,Light,Turquoise,Kids Girl UW/NW,Baby/Children,79,Girls Underwear & Basics,Boxer briefs in soft cotton jersey with an elasticated waist and a decorative bow at the front. Lined gusset.,1104,https://retail-bucket-ai-project.s3.us-west-1.amazonaws.com/069/0690054002.jpg
690054004,690054,ROSIE 10-p solid boxers,Underwear bottom,Underwear,Solid,Light Yellow,Light,Yellow,Kids Girl UW/NW,Baby/Children,79,Girls Underwear & Basics,Boxer briefs in soft cotton jersey with an elasticated waist and a decorative bow at the front. Lined gusset.,1444,https://retail-bucket-ai-project.s3.us-west-1.amazonaws.com/069/0690054004.jpg
690054006,690054,ROSIE 10-p boxer,Underwear bottom,Underwear,Solid,Light Grey,Dusty Light,Grey,Kids Girl UW/NW,Baby/Children,79,Girls Underwear & Basics,Boxer briefs in soft cotton jersey with an elasticated waist and a decorative bow at the front. Lined gusset.,1075,https://retail-bucket-ai-project.s3.us-west-1.amazonaws.com/069/0690054006.jpg
690054007,690054,ROSIE 10PACK boxer,Underwear bottom,Underwear,Solid,Light Pink,Dusty Light,Pink,Kids Girl UW/NW,Baby/Children,79,Girls Underwear & Basics,Boxer briefs in soft cotton jersey with an elasticated waist and a decorative bow at the front. Lined gusset.,1207,https://retail-bucket-ai-project.s3.us-west-1.amazonaws.com/069/0690054007.jpg
690054009,690054,ROSIE 10-p solid boxers,Underwear bottom,Underwear,Solid,Light Purple,Light,Lilac Purple,Kids Girl UW/NW,Baby/Children,79,Girls Underwear & Basics,Boxer briefs in soft cotton jersey with an elasticated waist and a decorative bow at the front. Lined gusset.,1206,https://retail-bucket-ai-project.s3.us-west-1.amazonaws.com/069/0690054009.jpg
690066001,690066,Dolly SL set,Pyjama set,Nightwear,Stripe,Light Blue,Light,Blue,Nightwear,Ladieswear,62,"Womens Nightwear, Socks & Tigh","Pyjamas with a strappy top and shorts in woven fabric. V-neck top in a double layer with narrow, double shoulder straps. Shorts with an elasticated waist and frill-trimmed hems.",1056,https://retail-bucket-ai-project.s3.us-west-1.amazonaws.com/069/0690066001.jpg
690074001,690074,Boris fake down,Jacket,Garment Upper body,Solid,Light Orange,Dusty Light,Orange,Baby Boy Outdoor,Baby/Children,41,Baby Boy,"Lightly padded jacket in nylon with a ribbed stand-up collar, zip down the front with a chin guard, and ribbing at the cuffs and hem. Lined.",599,https://retail-bucket-ai-project.s3.us-west-1.amazonaws.com/069/0690074001.jpg
690074002,690074,Boris fake down,Jacket,Garment Upper body,Solid,Dark Blue,Medium Dusty,Blue,Baby Boy Outdoor,Baby/Children,41,Baby Boy,"Lightly padded jacket in nylon with a ribbed stand-up collar, zip down the front with a chin guard, and ribbing at the cuffs and hem. Lined.",917,https://retail-bucket-ai-project.s3.us-west-1.amazonaws.com/069/0690074002.jpg
690076001,690076,Berlin overall NB,Outdoor overall,Garment Full body,Solid,Light Orange,Dusty Light,Orange,Newborn,Baby/Children,44,Baby Essentials & Complements,"Lightly padded all-in-one suit in woven fabric. Pile-lined hood with sewn-on ears at the top, a zip with a chin guard at the front and elastication at the cuffs and hems. Foldover mitts and feet to keep the hands and feet warm. Soft pile lining.",373,https://retail-bucket-ai-project.s3.us-west-1.amazonaws.com/069/0690076001.jpg
690076002,690076,Berlin overall NB,Outdoor overall,Garment Full body,Solid,Dark Blue,Dark,Blue,Newborn,Baby/Children,44,Baby Essentials & Complements,"Lightly padded all-in-one suit in woven fabric. Pile-lined hood with sewn-on ears at the top, a zip with a chin guard at the front and elastication at the cuffs and hems. Foldover mitts and feet to keep the hands and feet warm. Soft pile lining.",1428,https://retail-bucket-ai-project.s3.us-west-1.amazonaws.com/069/0690076002.jpg
690077001,690077,Garment laundry bag,Nipple covers,Underwear,Solid,White,Light,White,Functional Lingerie,Ladieswear,61,Womens Lingerie,Mesh laundry bags with a zip.,404,https://retail-bucket-ai-project.s3.us-west-1.amazonaws.com/069/0690077001.jpg
690090001,690090,LOVISA 2-p shorttop,Kids Underwear top,Underwear,Solid,White,Light,White,Young Girl UW/NW,Baby/Children,79,Girls Underwear & Basics,"Tops in cotton jersey with wide, printed shoulder straps and an elasticated hem.",702,https://retail-bucket-ai-project.s3.us-west-1.amazonaws.com/069/0690090001.jpg
690091002,690091,CLEO shorttop,Kids Underwear top,Underwear,Solid,Black,Dark,Black,Young Girl UW/NW,Baby/Children,79,Girls Underwear & Basics,High-cut top in soft cotton jersey with a racer back and elasticated hem.,667,https://retail-bucket-ai-project.s3.us-west-1.amazonaws.com/069/0690091002.jpg
690093001,690093,SIVAN 2PACK shorttop,Kids Underwear top,Underwear,Solid,Grey,Dusty Light,Grey,Young Girl UW/NW,Baby/Children,79,Girls Underwear & Basics,"Crop tops in soft jersey with narrow, adjustable shoulder straps and narrow elastication at the hem.",1026,https://retail-bucket-ai-project.s3.us-west-1.amazonaws.com/069/0690093001.jpg
690093002,690093,SIVAN 2-p shorttop,Kids Underwear top,Underwear,Solid,Black,Dark,Black,Young Girl UW/NW,Baby/Children,79,Girls Underwear & Basics,"Crop tops in soft jersey with narrow, adjustable shoulder straps and narrow elastication at the hem.",318,https://retail-bucket-ai-project.s3.us-west-1.amazonaws.com/069/0690093002.jpg
690102005,690102,Nanna skirt,Skirt,Garment Lower body,All over pattern,Light Beige,Dusty Light,Beige,Jersey,Ladieswear,18,Womens Trend,Pleated skirt in stretch jersey with a sheen. Elasticated waist and sewn-in wrapover at the front with ties at the waist. Unlined.,360,https://retail-bucket-ai-project.s3.us-west-1.amazonaws.com/069/0690102005.jpg
690107001,690107,CS Jewel,Blouse,Garment Upper body,Embroidery,White,Light,White,Blouse,Ladieswear,15,Womens Everyday Collection,"Blouse in airy cotton poplin with broderie anglaise, an opening at the top and a small frilled collar with ties at the front. 3/4-length sleeves with flounced cuffs and a seam at the hem with a wide flounce. Unlined.",502,https://retail-bucket-ai-project.s3.us-west-1.amazonaws.com/069/0690107001.jpg
690108001,690108,Straight 5pkt Lowprice,Trousers,Garment Lower body,Denim,Blue,Light,Blue,Denim trousers,Menswear,56,Denim Men,"5-pocket jeans in washed denim with a regular waist, button fly and straight legs.",454,https://retail-bucket-ai-project.s3.us-west-1.amazonaws.com/069/0690108001.jpg
690108003,690108,Straight Sasta,Trousers,Garment Lower body,Denim,Off White,Dusty Light,White,Denim trousers,Menswear,56,Denim Men,"5-pocket jeans in washed denim with a regular waist, button fly and straight legs.",1107,https://retail-bucket-ai-project.s3.us-west-1.amazonaws.com/069/0690108003.jpg
690108004,690108,Straight 5pkt Lowprice,Trousers,Garment Lower body,Denim,Black,Dark,Black,Denim trousers,Menswear,56,Denim Men,"5-pocket jeans in washed denim with a regular waist, button fly and straight legs.",476,https://retail-bucket-ai-project.s3.us-west-1.amazonaws.com/069/0690108004.jpg
690108005,690108,Straight 5pkt Lowprice,Trousers,Garment Lower body,Denim,Dark Blue,Medium Dusty,Blue,Denim trousers,Menswear,56,Denim Men,"5-pocket jeans in washed denim with a regular waist, button fly and straight legs.",838,https://retail-bucket-ai-project.s3.us-west-1.amazonaws.com/069/0690108005.jpg
690112002,690112,Kookaburra,Blazer,Garment Upper body,Solid,Black,Dark,Black,Suit,Ladieswear,11,Womens Tailoring,Longer jacket in woven fabric with flap welt front pockets and 3/4-length sleeves with gathered seams. No fasteners. Lined.,1297,https://retail-bucket-ai-project.s3.us-west-1.amazonaws.com/069/0690112002.jpg
690114001,690114,TOAST LS,Sweater,Garment Upper body,Stripe,Dark Green,Dark,Green,Jersey Fancy,Menswear,20,Contemporary Smart,Long-sleeved top jersey made from a cotton blend with ribbing around the neckline.,1037,https://retail-bucket-ai-project.s3.us-west-1.amazonaws.com/069/0690114001.jpg
690114002,690114,TOAST LS,Sweater,Garment Upper body,Stripe,Dark Blue,Dark,Blue,Jersey Fancy,Menswear,20,Contemporary Smart,Long-sleeved top jersey made from a cotton blend with ribbing around the neckline.,1461,https://retail-bucket-ai-project.s3.us-west-1.amazonaws.com/069/0690114002.jpg
690115001,690115,change,Shirt,Garment Upper body,Check,Dark Green,Medium,Green,Shirt,Menswear,20,Contemporary Smart,"Shirt in soft, checked cotton flannel with a concealed button-down collar, classic front and yoke at the back. Long sleeves with adjustable buttoning at the cuffs, and a rounded hem. Slightly longer at the back. Regular fit – a classic fit with good room for movement over the shoulders and chest, which combined with a gently tapered waist creates a comfortable, tailored silhouette.",395,https://retail-bucket-ai-project.s3.us-west-1.amazonaws.com/069/0690115001.jpg
690115002,690115,change,Shirt,Garment Upper body,Check,Light Beige,Dusty Light,White,Shirt,Menswear,20,Contemporary Smart,"Shirt in soft, checked cotton flannel with a concealed button-down collar, classic front and yoke at the back. Long sleeves with adjustable buttoning at the cuffs, and a rounded hem. Slightly longer at the back. Regular fit – a classic fit with good room for movement over the shoulders and chest, which combined with a gently tapered waist creates a comfortable, tailored silhouette.",558,https://retail-bucket-ai-project.s3.us-west-1.amazonaws.com/069/0690115002.jpg
690156001,690156,FLEECE pant,Trousers,Garment Lower body,All over pattern,Grey,Medium Dusty,Grey,Kids Girl Outdoor,Baby/Children,45,Kids Outerwear,"Trousers in soft, patterned, thermal fleece with an elasticated waist, side pockets and ribbed hems.",1383,https://retail-bucket-ai-project.s3.us-west-1.amazonaws.com/069/0690156001.jpg
690156002,690156,FLEECE pant,Trousers,Garment Lower body,All over pattern,Dark Blue,Dark,Blue,Kids Girl Outdoor,Baby/Children,45,Kids Outerwear,"Trousers in soft, patterned, thermal fleece with an elasticated waist, side pockets and ribbed hems.",391,https://retail-bucket-ai-project.s3.us-west-1.amazonaws.com/069/0690156002.jpg
690157002,690157,Harry 3 pcs set,Hoodie,Garment Upper body,Placement print,Greenish Khaki,Dark,Khaki green,Kids Boy Jersey Fancy,Baby/Children,46,Kids Boy,"Set in soft cotton jersey with a hooded jacket, T-shirt and joggers with a print motif. Jacket in sweatshirt fabric with a jersey-lined hood and ribbing at the cuffs and hem. T-shirt in jersey with a ribbed neckline. Joggers in sweatshirt fabric with an elasticated drawstring waist and front pockets.",313,https://retail-bucket-ai-project.s3.us-west-1.amazonaws.com/069/0690157002.jpg
690158001,690158,Chandler crewneck,Sweater,Garment Upper body,All over pattern,Grey,Dusty Light,Grey,Kids Boy Jersey Fancy,Baby/Children,46,Kids Boy,"Long-sleeved top in sweatshirt fabric with ribbing around the neckline, cuffs and hem. Soft brushed inside.",375,https://retail-bucket-ai-project.s3.us-west-1.amazonaws.com/069/0690158001.jpg
690158002,690158,Chandler crewneck,Sweater,Garment Upper body,Stripe,Red,Bright,Red,Kids Boy Jersey Fancy,Baby/Children,46,Kids Boy,"Long-sleeved top in sweatshirt fabric with ribbing around the neckline, cuffs and hem. Soft brushed inside.",582,https://retail-bucket-ai-project.s3.us-west-1.amazonaws.com/069/0690158002.jpg
690158003,690158,Chandler crewneck,Sweater,Garment Upper body,All over pattern,Grey,Dusty Light,Grey,Kids Boy Jersey Fancy,Baby/Children,46,Kids Boy,"Long-sleeved top in sweatshirt fabric with ribbing around the neckline, cuffs and hem. Soft brushed inside.",878,https://retail-bucket-ai-project.s3.us-west-1.amazonaws.com/069/0690158003.jpg
690158007,690158,CHANDLER crewneck,Sweater,Garment Upper body,Placement print,Turquoise,Medium,Turquoise,Kids Boy Jersey Fancy,Baby/Children,46,Kids Boy,"Long-sleeved top in sweatshirt fabric with ribbing around the neckline, cuffs and hem. Soft brushed inside.",385,https://retail-bucket-ai-project.s3.us-west-1.amazonaws.com/069/0690158007.jpg
690158008,690158,CHANDLER crewneck,Sweater,Garment Upper body,All over pattern,Light Grey,Dusty Light,Grey,Kids Boy Jersey Fancy,Baby/Children,46,Kids Boy,"Long-sleeved top in sweatshirt fabric with ribbing around the neckline, cuffs and hem. Soft brushed inside.",494,https://retail-bucket-ai-project.s3.us-west-1.amazonaws.com/069/0690158008.jpg
690158011,690158,CHANDLER crewneck,Sweater,Garment Upper body,All over pattern,Light Grey,Dusty Light,Grey,Kids Boy Jersey Fancy,Baby/Children,46,Kids Boy,"Long-sleeved top in sweatshirt fabric with ribbing around the neckline, cuffs and hem. Soft brushed inside.",893,https://retail-bucket-ai-project.s3.us-west-1.amazonaws.com/069/0690158011.jpg
690158012,690158,CHANDLER crewneck,Sweater,Garment Upper body,All over pattern,Greenish Khaki,Medium Dusty,Khaki green,Kids Boy Jersey Fancy,Baby/Children,46,Kids Boy,"Long-sleeved top in sweatshirt fabric with ribbing around the neckline, cuffs and hem. Soft brushed inside.",947,https://retail-bucket-ai-project.s3.us-west-1.amazonaws.com/069/0690158012.jpg
690158013,690158,CHANDLER crewneck,Sweater,Garment Upper body,All over pattern,Dark Blue,Dark,Blue,Kids Boy Jersey Fancy,Baby/Children,46,Kids Boy,"Long-sleeved top in sweatshirt fabric with ribbing around the neckline, cuffs and hem. Soft brushed inside.",1285,https://retail-bucket-ai-project.s3.us-west-1.amazonaws.com/069/0690158013.jpg
690174001,690174,Kaffe kimono,Jacket,Garment Upper body,Stripe,White,Light,White,Outwear & Blazers,Ladieswear,18,Womens Trend,"Kimono in a striped linen blend containing some Tencel™ lyocell with a concealed fastening at the front, and drawstring at the sides that creates a tapered waist. Gently dropped shoulders and 3/4-length sleeves with sewn-in turn-ups.",756,https://retail-bucket-ai-project.s3.us-west-1.amazonaws.com/069/0690174001.jpg
690176001,690176,Tie Metallic,Tie,Accessories,Metallic,Black,Dark,Black,Small Accessories,Menswear,25,Men Accessories,Tie in a glittery weave. Width 6 cm.,548,https://retail-bucket-ai-project.s3.us-west-1.amazonaws.com/069/0690176001.jpg
690183001,690183,ROCK corduroy trousers,Trousers,Garment Lower body,Solid,Black,Dark,Black,Woven,Menswear,28,Men Edition,"Trousers in stretch cotton corduroy with a regular waist, concealed hook-and-eye fastening and zip fly. Diagonal side pockets, welt back pockets and gently tapered legs.",864,https://retail-bucket-ai-project.s3.us-west-1.amazonaws.com/069/0690183001.jpg
690183003,690183,ROCK corduroy trousers,Trousers,Garment Lower body,Solid,Yellowish Brown,Medium Dusty,Brown,Woven,Menswear,28,Men Edition,"Trousers in stretch cotton corduroy with a regular waist, concealed hook-and-eye fastening and zip fly. Diagonal side pockets, welt back pockets and gently tapered legs.",566,https://retail-bucket-ai-project.s3.us-west-1.amazonaws.com/069/0690183003.jpg
690193001,690193,Doris dress,Dress,Garment Full body,Solid,Black,Dark,Black,Projects Dresses,Divided,50,Divided Projects,"Short dress in woven fabric with 3/4-length, flounce-trimmed sleeves and a round neckline that has an opening and button at the back of the neck.",553,https://retail-bucket-ai-project.s3.us-west-1.amazonaws.com/069/0690193001.jpg
690193002,690193,Doris dress,Dress,Garment Full body,Solid,Dark Red,Dark,Red,Projects Dresses,Divided,50,Divided Projects,"Short dress in woven fabric with 3/4-length, flounce-trimmed sleeves and a round neckline that has an opening and button at the back of the neck.",420,https://retail-bucket-ai-project.s3.us-west-1.amazonaws.com/069/0690193002.jpg
690193003,690193,Doris dress,Dress,Garment Full body,Solid,Turquoise,Dusty Light,Turquoise,Projects Dresses,Divided,50,Divided Projects,"Short dress in woven fabric with 3/4-length, flounce-trimmed sleeves and a round neckline that has an opening and button at the back of the neck.",787,https://retail-bucket-ai-project.s3.us-west-1.amazonaws.com/069/0690193003.jpg
690193005,690193,Doris dress,Dress,Garment Full body,Solid,Dark Red,Dark,Red,Projects Dresses,Divided,50,Divided Projects,"Short dress in woven fabric with 3/4-length, flounce-trimmed sleeves and a round neckline that has an opening and button at the back of the neck.",1434,https://retail-bucket-ai-project.s3.us-west-1.amazonaws.com/069/0690193005.jpg
690193007,690193,Doris dress,Dress,Garment Full body,All over pattern,Light Pink,Dusty Light,Pink,Projects Dresses,Divided,50,Divided Projects,"Short dress in woven fabric with 3/4-length, flounce-trimmed sleeves and a round neckline that has an opening and button at the back of the neck.",1306,https://retail-bucket-ai-project.s3.us-west-1.amazonaws.com/069/0690193007.jpg
690193008,690193,Doris dress,Dress,Garment Full body,Solid,Dark Green,Dark,Green,Projects Dresses,Divided,50,Divided Projects,"Short dress in woven fabric with 3/4-length, flounce-trimmed sleeves and a round neckline that has an opening and button at the back of the neck.",1280,https://retail-bucket-ai-project.s3.us-west-1.amazonaws.com/069/0690193008.jpg
690197001,690197,Shelley velvet dress,Dress,Garment Full body,All over pattern,Dark Blue,Dark,Blue,Projects Dresses,Divided,50,Divided Projects,Dress in patterned velvet with a small stand-up collar and an opening with buttons at the back of the neck. Seam at the waist and long sleeves in airy chiffon with smocked cuffs. Unlined.,589,https://retail-bucket-ai-project.s3.us-west-1.amazonaws.com/069/0690197001.jpg
690200001,690200,Grace dress,Dress,Garment Full body,Embroidery,Black,Dark,Black,Projects Dresses,Divided,50,Divided Projects,"Short dress in tulle with a round neckline, opening and button at the back of the neck and an embroidered pattern. Gathered, frill-trimmed seam at the waist and 3/4-length sleeves with a seam at the elbows and flare to the cuffs. Jersey inner dress.",1179,https://retail-bucket-ai-project.s3.us-west-1.amazonaws.com/069/0690200001.jpg
690202001,690202,SIVAN 2-p fancy shorttop,Kids Underwear top,Underwear,Solid,White,Light,White,Young Girl UW/NW,Baby/Children,79,Girls Underwear & Basics,"Crop tops in soft cotton jersey with narrow, adjustable shoulder straps and narrow elastication at the hem.",702,https://retail-bucket-ai-project.s3.us-west-1.amazonaws.com/069/0690202001.jpg
690209002,690209,Claudette blouse,Blouse,Garment Upper body,All over pattern,Dark Blue,Dark,Blue,Projects Woven Tops,Divided,50,Divided Projects,"Blouse in an airy, patterned weave with a smocked stand-up collar, narrow velvet ties around the neckline and an opening with a button at the back of the neck. Long sleeves with flounced cuffs.",1000,https://retail-bucket-ai-project.s3.us-west-1.amazonaws.com/069/0690209002.jpg
690211001,690211,Rosalind jacket,Jacket,Garment Upper body,Solid,White,Light,White,Projects Woven Tops,Divided,50,Divided Projects,"Fluffy jacket in soft pile with a collar, concealed zip down the front and concealed pockets in the side seams. Lined.",345,https://retail-bucket-ai-project.s3.us-west-1.amazonaws.com/069/0690211001.jpg
690212001,690212,Kylo coat(1),Coat,Garment Upper body,Solid,Pink,Medium Dusty,Pink,Projects Woven Tops,Divided,50,Divided Projects,"Coat in felted fabric with notch lapels, welt side pockets, a tie belt at the waist and a single back vent. No buttons. Unlined.",973,https://retail-bucket-ai-project.s3.us-west-1.amazonaws.com/069/0690212001.jpg
690212002,690212,Kylo coat(1),Coat,Garment Upper body,Solid,Beige,Dusty Light,Mole,Projects Woven Tops,Divided,50,Divided Projects,"Coat in felted fabric with notch lapels, welt side pockets, a tie belt at the waist and a single back vent. No buttons. Unlined.",1222,https://retail-bucket-ai-project.s3.us-west-1.amazonaws.com/069/0690212002.jpg
690213001,690213,PE GISELE,Dress,Garment Full body,Solid,Black,Dark,Black,Take Care External,Ladieswear,97,Collaborations,"Short dress in a sturdy weave with a small stand-up collar, concealed zip at the back and long sleeves with a concealed zip at the cuffs. Unlined.",1396,https://retail-bucket-ai-project.s3.us-west-1.amazonaws.com/069/0690213001.jpg
690217001,690217,SC - NOISE scarf,Scarf,Accessories,Front print,Yellowish Brown,Dark,Brown,Studio Collection,Ladieswear,82,Special Collections,STUDIO COLLECTION. Scarf in a patterned silk weave. Size 45x45 cm.,746,https://retail-bucket-ai-project.s3.us-west-1.amazonaws.com/069/0690217001.jpg
690222001,690222,Lucille bow jumper,Sweater,Garment Upper body,Solid,Grey,Dusty Light,Grey,Projects Jersey & Knitwear,Divided,50,Divided Projects,"Jumper in a soft, fine knit with an opening and ties at the back of the neck, long puff sleeves and ribbing around the neckline, cuffs and hem.",802,https://retail-bucket-ai-project.s3.us-west-1.amazonaws.com/069/0690222001.jpg
690222002,690222,Lucille bow jumper,Sweater,Garment Upper body,Solid,Dark Red,Dark,Red,Projects Jersey & Knitwear,Divided,50,Divided Projects,"Jumper in a soft, fine knit with an opening and ties at the back of the neck, long puff sleeves and ribbing around the neckline, cuffs and hem.",1342,https://retail-bucket-ai-project.s3.us-west-1.amazonaws.com/069/0690222002.jpg
690222003,690222,Lucille bow jumper,Sweater,Garment Upper body,Solid,Pink,Medium Dusty,Pink,Projects Jersey & Knitwear,Divided,50,Divided Projects,"Jumper in a soft, fine knit with an opening and ties at the back of the neck, long puff sleeves and ribbing around the neckline, cuffs and hem.",1207,https://retail-bucket-ai-project.s3.us-west-1.amazonaws.com/069/0690222003.jpg
690222004,690222,Lucille bow jumper,Sweater,Garment Upper body,Solid,Dark Red,Dark,Red,Projects Jersey & Knitwear,Divided,50,Divided Projects,"Jumper in a soft, fine knit with an opening and ties at the back of the neck, long puff sleeves and ribbing around the neckline, cuffs and hem.",1390,https://retail-bucket-ai-project.s3.us-west-1.amazonaws.com/069/0690222004.jpg
690222005,690222,Lucille bow jumper,Sweater,Garment Upper body,Solid,Light Pink,Dusty Light,Pink,Projects Jersey & Knitwear,Divided,50,Divided Projects,"Jumper in a soft, fine knit with an opening and ties at the back of the neck, long puff sleeves and ribbing around the neckline, cuffs and hem.",348,https://retail-bucket-ai-project.s3.us-west-1.amazonaws.com/069/0690222005.jpg
690222006,690222,Lucille bow jumper,Sweater,Garment Upper body,Solid,Black,Dark,Black,Projects Jersey & Knitwear,Divided,50,Divided Projects,"Jumper in a soft, fine knit with an opening and ties at the back of the neck, long puff sleeves and ribbing around the neckline, cuffs and hem.",1116,https://retail-bucket-ai-project.s3.us-west-1.amazonaws.com/069/0690222006.jpg
690222007,690222,Lucille bow jumper,Sweater,Garment Upper body,Solid,Grey,Dusty Light,Grey,Projects Jersey & Knitwear,Divided,50,Divided Projects,"Jumper in a soft, fine knit with an opening and ties at the back of the neck, long puff sleeves and ribbing around the neckline, cuffs and hem.",899,https://retail-bucket-ai-project.s3.us-west-1.amazonaws.com/069/0690222007.jpg
690222008,690222,Lucille bow jumper,Sweater,Garment Upper body,Solid,Off White,Dusty Light,White,Projects Jersey & Knitwear,Divided,50,Divided Projects,"Jumper in a soft, fine knit with an opening and ties at the back of the neck, long puff sleeves and ribbing around the neckline, cuffs and hem.",1290,https://retail-bucket-ai-project.s3.us-west-1.amazonaws.com/069/0690222008.jpg
690223001,690223,Peone jumper,Sweater,Garment Upper body,Glittering/Metallic,Off White,Dusty Light,White,Projects Jersey & Knitwear,Divided,50,Divided Projects,"Long-sleeved jumper in a soft, textured knit with dropped shoulders, long sleeves and ribbing around the neckline, cuffs and hem.",788,https://retail-bucket-ai-project.s3.us-west-1.amazonaws.com/069/0690223001.jpg
690225001,690225,DatGuy Pants,Trousers,Garment Lower body,Solid,Black,Dark,Black,Trouser,Menswear,55,Contemporary Street,"Trousers in a sturdy, slightly stretchy cotton weave with an elasticated drawstring waist and fake fly. Side pockets, flap back pockets with a press-stud and tapered legs with elasticated hems.",969,https://retail-bucket-ai-project.s3.us-west-1.amazonaws.com/069/0690225001.jpg
690225002,690225,DatGuy Pants,Trousers,Garment Lower body,All over pattern,Greenish Khaki,Dark,Khaki green,Trouser,Menswear,55,Contemporary Street,"Trousers in a sturdy, slightly stretchy cotton weave with an elasticated drawstring waist and fake fly. Side pockets, flap back pockets with a press-stud and tapered legs with elasticated hems.",348,https://retail-bucket-ai-project.s3.us-west-1.amazonaws.com/069/0690225002.jpg
690227002,690227,Ares chinos,Trousers,Garment Lower body,Solid,Black,Dark,Black,Trouser,Menswear,55,Contemporary Street,"Twill joggers with an elasticated drawstring waist, pleats at the top and a fake fly. Diagonal side pockets, welt back pockets, a low crotch and tapered legs.",453,https://retail-bucket-ai-project.s3.us-west-1.amazonaws.com/069/0690227002.jpg
690227004,690227,Ares chinos,Trousers,Garment Lower body,Check,Grey,Medium Dusty,Grey,Trouser,Menswear,55,Contemporary Street,"Twill joggers with an elasticated drawstring waist, pleats at the top and a fake fly. Diagonal side pockets, welt back pockets, a low crotch and tapered legs.",1048,https://retail-bucket-ai-project.s3.us-west-1.amazonaws.com/069/0690227004.jpg
690228001,690228,Chillin,Trousers,Garment Lower body,Solid,Greenish Khaki,Dark,Khaki green,Trouser,Menswear,55,Contemporary Street,"Joggers in slightly stretchy cotton twill with an elasticated drawstring waist, side and back pockets and slim legs with ribbed hems.",1065,https://retail-bucket-ai-project.s3.us-west-1.amazonaws.com/069/0690228001.jpg
690228002,690228,Chillin,Trousers,Garment Lower body,Solid,Black,Dark,Black,Trouser,Menswear,55,Contemporary Street,"Joggers in slightly stretchy cotton twill with an elasticated drawstring waist, side and back pockets and slim legs with ribbed hems.",1045,https://retail-bucket-ai-project.s3.us-west-1.amazonaws.com/069/0690228002.jpg
690229001,690229,Thelma poloneck,Sweater,Garment Upper body,Solid,Light Grey,Dusty Light,Grey,Projects Jersey & Knitwear,Divided,50,Divided Projects,"Jumper in a soft fine knit with a ribbed, frill-trimmed polo neck, long sleeves with decorative gathers at the shoulders and ribbing at the cuffs and hem.",1465,https://retail-bucket-ai-project.s3.us-west-1.amazonaws.com/069/0690229001.jpg
690229003,690229,Thelma poloneck,Sweater,Garment Upper body,Solid,Dark Red,Dark,Red,Projects Jersey & Knitwear,Divided,50,Divided Projects,"Jumper in a soft fine knit with a ribbed, frill-trimmed polo neck, long sleeves with decorative gathers at the shoulders and ribbing at the cuffs and hem.",604,https://retail-bucket-ai-project.s3.us-west-1.amazonaws.com/069/0690229003.jpg
690235001,690235,Mabel cord skirt,Skirt,Garment Lower body,Solid,Black,Dark,Black,Projects Woven Bottoms,Divided,50,Divided Projects,Short A-line skirt in cotton corduroy with decorative buttons at the front. Unlined.,665,https://retail-bucket-ai-project.s3.us-west-1.amazonaws.com/069/0690235001.jpg
690237001,690237,Dolores fur jkt,Jacket,Garment Upper body,Solid,Light Beige,Dusty Light,Beige,Projects Woven Tops,Divided,50,Divided Projects,"Jacket in soft faux fur with a collar, concealed hook-and-eye fasteners at the front and side pockets. Lined.",820,https://retail-bucket-ai-project.s3.us-west-1.amazonaws.com/069/0690237001.jpg
690260001,690260,Zack Tee,T-shirt,Garment Upper body,Colour blocking,Dark Blue,Dark,Blue,Jersey Fancy,Menswear,55,Contemporary Street,T-shirt in sturdy cotton jersey with contrasting colour panels over the shoulders.,464,https://retail-bucket-ai-project.s3.us-west-1.amazonaws.com/069/0690260001.jpg
690260002,690260,Zack Tee,T-shirt,Garment Upper body,Colour blocking,Black,Dark,Black,Jersey Fancy,Menswear,55,Contemporary Street,T-shirt in sturdy cotton jersey with contrasting colour panels over the shoulders.,677,https://retail-bucket-ai-project.s3.us-west-1.amazonaws.com/069/0690260002.jpg
690263001,690263,SC BENJAMIN tee,T-shirt,Garment Upper body,Placement print,Off White,Dusty Light,White,Studio Collection,Ladieswear,82,Special Collections,"STUDIO COLLECTION. T-shirt in cotton jersey with a print motif. Worn details around the neckline, cuffs and hem.",1112,https://retail-bucket-ai-project.s3.us-west-1.amazonaws.com/069/0690263001.jpg
690265001,690265,Ted price runner SB,Sneakers,Shoes,Solid,Black,Dark,Black,Kids Boy Shoes,Baby/Children,42,Kids & Baby Shoes,"Mesh trainers with a padded edge and tongue, a hook and loop tab at the top, elasticated lacing at the front and a loop at the back. Mesh linings and insoles and ethylene-vinyl acetate (EVA) and rubber soles.",1340,https://retail-bucket-ai-project.s3.us-west-1.amazonaws.com/069/0690265001.jpg
690265002,690265,Ted price runner SB,Sneakers,Shoes,Solid,Dark Blue,Dark,Blue,Kids Boy Shoes,Baby/Children,42,Kids & Baby Shoes,"Mesh trainers with a padded edge and tongue, a hook and loop tab at the top, elasticated lacing at the front and a loop at the back. Mesh linings and insoles and ethylene-vinyl acetate (EVA) and rubber soles.",333,https://retail-bucket-ai-project.s3.us-west-1.amazonaws.com/069/0690265002.jpg
690270001,690270,Johannes runner SB,Sneakers,Shoes,Colour blocking,Dark Blue,Dark,Blue,Kids Boy Shoes,Baby/Children,42,Kids & Baby Shoes,"Trainers in mesh and imitation leather with a padded edge and tongue, elasticated lacing at the front and a loop at the back. Mesh linings and insoles and thermoplastic rubber (TPR) soles.",555,https://retail-bucket-ai-project.s3.us-west-1.amazonaws.com/069/0690270001.jpg
690270003,690270,Johannes runner SB,Sneakers,Shoes,Solid,White,Light,White,Kids Boy Shoes,Baby/Children,42,Kids & Baby Shoes,"Trainers in mesh and imitation leather with a padded edge and tongue, elasticated lacing at the front and a loop at the back. Mesh linings and insoles and thermoplastic rubber (TPR) soles.",363,https://retail-bucket-ai-project.s3.us-west-1.amazonaws.com/069/0690270003.jpg
690274001,690274,Pax Slipon SB,Sneakers,Shoes,Solid,Dark Blue,Dark,Blue,Kids Boy Shoes,Baby/Children,42,Kids & Baby Shoes,"Slip-on, fabric trainers with elastic gores in the sides and a loop at the back. Canvas linings and insoles and thermoplastic rubber (TPR) soles.",1243,https://retail-bucket-ai-project.s3.us-west-1.amazonaws.com/069/0690274001.jpg
690274002,690274,Pax Slipon SB,Sneakers,Shoes,All over pattern,Dark Green,Dark,Green,Kids Boy Shoes,Baby/Children,42,Kids & Baby Shoes,"Slip-on, fabric trainers with elastic gores in the sides and a loop at the back. Canvas linings and insoles and thermoplastic rubber (TPR) soles.",805,https://retail-bucket-ai-project.s3.us-west-1.amazonaws.com/069/0690274002.jpg
690274003,690274,Pax Slipon SB,Sneakers,Shoes,Mesh,Black,Dark,Black,Kids Boy Shoes,Baby/Children,42,Kids & Baby Shoes,"Slip-on, fabric trainers with elastic gores in the sides and a loop at the back. Canvas linings and insoles and thermoplastic rubber (TPR) soles.",1444,https://retail-bucket-ai-project.s3.us-west-1.amazonaws.com/069/0690274003.jpg
690274005,690274,Pax Slipon SB,Sneakers,Shoes,Solid,Greenish Khaki,Dark,Khaki green,Kids Boy Shoes,Baby/Children,42,Kids & Baby Shoes,"Slip-on, fabric trainers with elastic gores in the sides and a loop at the back. Canvas linings and insoles and thermoplastic rubber (TPR) soles.",1455,https://retail-bucket-ai-project.s3.us-west-1.amazonaws.com/069/0690274005.jpg
690274006,690274,Pax Slipon SB,Sneakers,Shoes,All over pattern,Dark Blue,Dark,Blue,Kids Boy Shoes,Baby/Children,42,Kids & Baby Shoes,"Slip-on, fabric trainers with elastic gores in the sides and a loop at the back. Canvas linings and insoles and thermoplastic rubber (TPR) soles.",550,https://retail-bucket-ai-project.s3.us-west-1.amazonaws.com/069/0690274006.jpg
690274007,690274,Pax Slipon SB,Sneakers,Shoes,Chambray,Dark Blue,Medium Dusty,Blue,Kids Boy Shoes,Baby/Children,42,Kids & Baby Shoes,"Slip-on, fabric trainers with elastic gores in the sides and a loop at the back. Canvas linings and insoles and thermoplastic rubber (TPR) soles.",470,https://retail-bucket-ai-project.s3.us-west-1.amazonaws.com/069/0690274007.jpg
690276001,690276,Chung Dress,Dress,Garment Full body,All over pattern,Red,Medium,Red,Dresses,Divided,53,Divided Collection,"Short, round-necked dress in a crêpe weave with an opening and covered button at the back of the neck, an elasticated seam at the waist and 3/4-length sleeves with a wide flounce at the cuffs. Unlined.",1254,https://retail-bucket-ai-project.s3.us-west-1.amazonaws.com/069/0690276001.jpg
690276002,690276,Chung Dress,Dress,Garment Full body,All over pattern,Black,Dark,Black,Dresses,Divided,53,Divided Collection,"Short, round-necked dress in a crêpe weave with an opening and covered button at the back of the neck, an elasticated seam at the waist and 3/4-length sleeves with a wide flounce at the cuffs. Unlined.",1274,https://retail-bucket-ai-project.s3.us-west-1.amazonaws.com/069/0690276002.jpg
690276003,690276,Chung Dress,Dress,Garment Full body,All over pattern,Black,Dark,Black,Dresses,Divided,53,Divided Collection,"Short, round-necked dress in a crêpe weave with an opening and covered button at the back of the neck, an elasticated seam at the waist and 3/4-length sleeves with a wide flounce at the cuffs. Unlined.",1294,https://retail-bucket-ai-project.s3.us-west-1.amazonaws.com/069/0690276003.jpg
690276004,690276,Chung Dress,Dress,Garment Full body,All over pattern,Black,Dark,Black,Dresses,Divided,53,Divided Collection,"Short, round-necked dress in a crêpe weave with an opening and covered button at the back of the neck, an elasticated seam at the waist and 3/4-length sleeves with a wide flounce at the cuffs. Unlined.",579,https://retail-bucket-ai-project.s3.us-west-1.amazonaws.com/069/0690276004.jpg
690279001,690279,SC JACOBY knit vest,Outdoor Waistcoat,Garment Upper body,Solid,Dark Blue,Dark,Blue,Studio Collection,Ladieswear,82,Special Collections,"STUDIO COLLECTION. Sweater vest in soft, rib-knit wool with a concealed press-stud fastening at the back.",516,https://retail-bucket-ai-project.s3.us-west-1.amazonaws.com/069/0690279001.jpg
690299001,690299,SPEED SUKI TANK,Vest top,Garment Upper body,Solid,Black,Dark,Black,Tops Woven,Divided,53,Divided Collection,"Strappy, V-neck top in a plumeti viscose weave with lace details, narrow, adjustable shoulder straps, buttons down the front and a tie detail at the hem.",1414,https://retail-bucket-ai-project.s3.us-west-1.amazonaws.com/069/0690299001.jpg
690299002,690299,SPEED SUKI TANK,Vest top,Garment Upper body,Solid,Orange,Dusty Light,Orange,Tops Woven,Divided,53,Divided Collection,"Strappy, V-neck top in a plumeti viscose weave with lace details, narrow, adjustable shoulder straps, buttons down the front and a tie detail at the hem.",451,https://retail-bucket-ai-project.s3.us-west-1.amazonaws.com/069/0690299002.jpg
690311001,690311,Forrest Parka,Jacket,Garment Upper body,Solid,Greenish Khaki,Dark,Khaki green,Jacket Street,Menswear,31,Mens Outerwear,"Parka in cotton twill with a soft, brushed finish. Hood, a zip and wind flap with press-studs down the front, flap chest and front pockets with press-studs, and long sleeves with a press-stud at the cuffs. Unlined.",1383,https://retail-bucket-ai-project.s3.us-west-1.amazonaws.com/069/0690311001.jpg
690311003,690311,Forrest Parka,Jacket,Garment Upper body,Solid,Dark Blue,Dark,Blue,Jacket Street,Menswear,31,Mens Outerwear,"Parka in cotton twill with a soft, brushed finish. Hood, a zip and wind flap with press-studs down the front, flap chest and front pockets with press-studs, and long sleeves with a press-stud at the cuffs. Unlined.",1494,https://retail-bucket-ai-project.s3.us-west-1.amazonaws.com/069/0690311003.jpg
690338002,690338,SC ALBERT tee,T-shirt,Garment Upper body,Solid,White,Light,White,Studio Collection,Ladieswear,82,Special Collections,"STUDIO COLLECTION. T-shirt in stretch ribbed cotton jersey with worn details around the neckline, sleeves and hem.",653,https://retail-bucket-ai-project.s3.us-west-1.amazonaws.com/069/0690338002.jpg
690343001,690343,SBC OWN SEQUINS,Cap/peaked,Accessories,Sequin,Black,Dark,Black,Kids Boy Big Acc,Baby/Children,45,Kids Outerwear,Cap in cotton twill with a reversible sequin motif on the front and an adjustable plastic fastener at the back.,1274,https://retail-bucket-ai-project.s3.us-west-1.amazonaws.com/069/0690343001.jpg
690363003,690363,SKINNY FRILL,Trousers,Garment Lower body,Denim,Black,Dark,Black,Kids Girl Denim,Baby/Children,76,Kids Girl,"Slim-fit jeans in stretch denim with an adjustable, elasticated waist, zip fly and button, fake front pockets with a frill trim, real back pockets and narrow hems.",366,https://retail-bucket-ai-project.s3.us-west-1.amazonaws.com/069/0690363003.jpg
690381001,690381,KARIN PADDED +,Bra,Underwear,Solid,Black,Dark,Black,Jersey,Ladieswear,2,H&M+,"Sports bra in fast-drying functional fabric with a mesh racer back, lined cups with removable inserts and an elasticated hem. Extra firm support.",404,https://retail-bucket-ai-project.s3.us-west-1.amazonaws.com/069/0690381001.jpg
690381002,690381,KARIN PADDED +,Bra,Underwear,Solid,Other Pink,Bright,Pink,Jersey,Ladieswear,2,H&M+,"Sports bra in fast-drying functional fabric with a mesh racer back, lined cups with removable inserts and an elasticated hem. Extra firm support.",369,https://retail-bucket-ai-project.s3.us-west-1.amazonaws.com/069/0690381002.jpg
690407001,690407,Roxie Pile HT SG,Sneakers,Shoes,Solid,Black,Dark,Black,Kids Girl Shoes,Baby/Children,42,Kids & Baby Shoes,"Hi-tops in imitation leather with decorative metal studs, lacing at the front, a zip in the side and a loop at the back. Pile linings and insoles and rubber soles.",1411,https://retail-bucket-ai-project.s3.us-west-1.amazonaws.com/069/0690407001.jpg
690408001,690408,SB Parker Hybrid,Jacket,Garment Upper body,Solid,Dark Blue,Dark,Blue,Kids Boy Outdoor,Baby/Children,45,Kids Outerwear,"Padded jacket in woven fabric with sweatshirt fabric sleeves, a small stand-up collar and a lined, detachable hood with a hook and loop fastening. Zip down the front, discreet side pockets and ribbing at the cuffs and hem. Lined. Polyester filling.",857,https://retail-bucket-ai-project.s3.us-west-1.amazonaws.com/069/0690408001.jpg
690408002,690408,SB Parker Hybrid,Jacket,Garment Upper body,Solid,Red,Bright,Red,Kids Boy Outdoor,Baby/Children,45,Kids Outerwear,"Padded jacket in woven fabric with sweatshirt fabric sleeves, a small stand-up collar and a lined, detachable hood with a hook and loop fastening. Zip down the front, discreet side pockets and ribbing at the cuffs and hem. Lined. Polyester filling.",554,https://retail-bucket-ai-project.s3.us-west-1.amazonaws.com/069/0690408002.jpg
690430001,690430,SB Brandon Pile SPEED,Jacket,Garment Upper body,Solid,Dark Blue,Dark,Blue,Kids Boy Outdoor,Baby/Children,45,Kids Outerwear,"Hooded jacket in soft pile with jersey trims, a zip down the front with a chin guard and welt side pockets. Rounded and slightly longer at the back.",1479,https://retail-bucket-ai-project.s3.us-west-1.amazonaws.com/069/0690430001.jpg
690430003,690430,SB Brandon Pile SPEED,Jacket,Garment Upper body,Solid,Off White,Dusty Light,White,Kids Boy Outdoor,Baby/Children,45,Kids Outerwear,"Hooded jacket in soft pile with jersey trims, a zip down the front with a chin guard and welt side pockets. Rounded and slightly longer at the back.",851,https://retail-bucket-ai-project.s3.us-west-1.amazonaws.com/069/0690430003.jpg
690449001,690449,Skinny 5pkt Premiumprice,Trousers,Garment Lower body,Denim,Blue,Light,Blue,Denim trousers,Menswear,56,Denim Men,"5-pocket jeans in washed, stretch denim with hard-worn details. Regular waist, a zip fly and button, and skinny legs.",400,https://retail-bucket-ai-project.s3.us-west-1.amazonaws.com/069/0690449001.jpg
690449002,690449,Skinny 5pkt,Trousers,Garment Lower body,Denim,Blue,Medium,Blue,Denim trousers,Menswear,56,Denim Men,"5-pocket jeans in washed, stretch denim with hard-worn details. Regular waist, a zip fly and button, and skinny legs.",676,https://retail-bucket-ai-project.s3.us-west-1.amazonaws.com/069/0690449002.jpg
690449006,690449,Skinny 5pkt Premiumprice,Trousers,Garment Lower body,Denim,Black,Dark,Unknown,Denim trousers,Menswear,56,Denim Men,"5-pocket jeans in washed, stretch denim with hard-worn details. Regular waist, a zip fly and button, and skinny legs.",1414,https://retail-bucket-ai-project.s3.us-west-1.amazonaws.com/069/0690449006.jpg
690449007,690449,Skinny 5pkt,Trousers,Garment Lower body,Denim,Light Blue,Dusty Light,Blue,Denim trousers,Menswear,56,Denim Men,"5-pocket jeans in washed, stretch denim with hard-worn details. Regular waist, a zip fly and button, and skinny legs.",1037,https://retail-bucket-ai-project.s3.us-west-1.amazonaws.com/069/0690449007.jpg
690449009,690449,Skinny 5pkt,Trousers,Garment Lower body,Denim,Black,Dark,Black,Denim trousers,Menswear,56,Denim Men,"5-pocket jeans in washed, stretch denim with hard-worn details. Regular waist, a zip fly and button, and skinny legs.",1313,https://retail-bucket-ai-project.s3.us-west-1.amazonaws.com/069/0690449009.jpg
690449013,690449,Skinny 5pkt,Trousers,Garment Lower body,Denim,Black,Dark,Black,Denim trousers,Menswear,56,Denim Men,"5-pocket jeans in washed, stretch denim with hard-worn details. Regular waist, a zip fly and button, and skinny legs.",1082,https://retail-bucket-ai-project.s3.us-west-1.amazonaws.com/069/0690449013.jpg
690449021,690449,Skinny 5pkt Premiumprice,Trousers,Garment Lower body,Denim,Dark Blue,Medium Dusty,Blue,Denim trousers,Menswear,56,Denim Men,"5-pocket jeans in washed, stretch denim with hard-worn details. Regular waist, a zip fly and button, and skinny legs.",1118,https://retail-bucket-ai-project.s3.us-west-1.amazonaws.com/069/0690449021.jpg
690449022,690449,Skinny 5pkt Premiumprice,Trousers,Garment Lower body,Denim,Black,Dark,Black,Denim trousers,Menswear,56,Denim Men,"5-pocket jeans in washed, stretch denim with hard-worn details. Regular waist, a zip fly and button, and skinny legs.",1287,https://retail-bucket-ai-project.s3.us-west-1.amazonaws.com/069/0690449022.jpg
690449024,690449,Skinny 5pkt Premiumprice,Trousers,Garment Lower body,Denim,Dark Blue,Dark,Turquoise,Denim trousers,Menswear,56,Denim Men,"5-pocket jeans in washed, stretch denim with hard-worn details. Regular waist, a zip fly and button, and skinny legs.",1124,https://retail-bucket-ai-project.s3.us-west-1.amazonaws.com/069/0690449024.jpg
690449028,690449,Skinny 5pkt,Trousers,Garment Lower body,Denim,Dark Blue,Medium Dusty,Blue,Denim trousers,Menswear,56,Denim Men,"5-pocket jeans in washed, stretch denim with hard-worn details. Regular waist, a zip fly and button, and skinny legs.",890,https://retail-bucket-ai-project.s3.us-west-1.amazonaws.com/069/0690449028.jpg
690449035,690449,Skinny 5pkt Premiumprice,Trousers,Garment Lower body,Denim,Blue,Medium Dusty,Blue,Denim trousers,Menswear,56,Denim Men,"5-pocket jeans in washed, stretch denim with hard-worn details. Regular waist, a zip fly and button, and skinny legs.",705,https://retail-bucket-ai-project.s3.us-west-1.amazonaws.com/069/0690449035.jpg
690449036,690449,Skinny 5pkt Premiumprice,Trousers,Garment Lower body,Denim,Black,Dark,Black,Denim trousers,Menswear,56,Denim Men,"5-pocket jeans in washed, stretch denim with hard-worn details. Regular waist, a zip fly and button, and skinny legs.",599,https://retail-bucket-ai-project.s3.us-west-1.amazonaws.com/069/0690449036.jpg
690470001,690470,Cay shoe,Other shoe,Shoes,Solid,Black,Dark,Black,Shoes / Boots inactive from s5,Menswear,27,Men Shoes,Derby shoes in imitation patent leather with open lacing and pointed toes. Cotton canvas linings and insoles and rubber soles. Heel 2 cm.,475,https://retail-bucket-ai-project.s3.us-west-1.amazonaws.com/069/0690470001.jpg
690472001,690472,Prince Mule,Other shoe,Shoes,Solid,Black,Dark,Black,Shoes / Boots inactive from s5,Menswear,27,Men Shoes,Slip-on loafers in velvet with decorative embroidery on the uppers. Quilted satin linings and insoles and thermoplastic rubber (TPR) soles.,312,https://retail-bucket-ai-project.s3.us-west-1.amazonaws.com/069/0690472001.jpg
690478001,690478,Capone blazer campaign,Blazer,Garment Upper body,Stripe,Black,Dark,Black,Campaigns,Ladieswear,15,Womens Everyday Collection,"Double-breasted jacket in jersey with notch lapels, a tapered waist and buttons at the front. Welt front pockets and a single back vent. Lined.",1405,https://retail-bucket-ai-project.s3.us-west-1.amazonaws.com/069/0690478001.jpg
690480002,690480,Dem Flare Trousers,Leggings/Tights,Garment Lower body,Solid,Black,Dark,Black,Trousers DS,Divided,58,Divided Selected,Trousers in soft jersey with an elasticated waist and flared legs.,938,https://retail-bucket-ai-project.s3.us-west-1.amazonaws.com/069/0690480002.jpg
690483001,690483,Bowie premium blouse,Blouse,Garment Upper body,Solid,Light Pink,Dusty Light,Pink,Woven Premium,Ladieswear,14,Womens Premium,"Blouse in silk crêpe with a collar and detachable ties at the top and concealed buttons down the front. Yoke with a pleat at the back, long sleeves, cuffs with two buttons, and a rounded hem.",1483,https://retail-bucket-ai-project.s3.us-west-1.amazonaws.com/069/0690483001.jpg
690483002,690483,Bowie premium blouse,Blouse,Garment Upper body,Solid,Off White,Dusty Light,White,Woven Premium,Ladieswear,14,Womens Premium,"Blouse in silk crêpe with a collar and detachable ties at the top and concealed buttons down the front. Yoke with a pleat at the back, long sleeves, cuffs with two buttons, and a rounded hem.",1001,https://retail-bucket-ai-project.s3.us-west-1.amazonaws.com/069/0690483002.jpg
690486001,690486,Flirty Annie necklace,Necklace,Accessories,Solid,Gold,Bright,Metal,Jewellery,Ladieswear,66,Womens Small accessories,"Three-strand necklace of thin metal chains, two of which are decorated with pendants. Adjustable length 40-48 cm.",468,https://retail-bucket-ai-project.s3.us-west-1.amazonaws.com/069/0690486001.jpg
690488001,690488,Fancy bongo ls,Top,Garment Upper body,Solid,Light Pink,Dusty Light,Pink,Divided+,Divided,50,Divided Projects,"Short, off-the-shoulder top in soft, crinkled fabric with a decorative tie detail at the neck and hole-embroidered section at the front. Long, wide sleeves with narrow elastication at the cuffs.",858,https://retail-bucket-ai-project.s3.us-west-1.amazonaws.com/069/0690488001.jpg
690489001,690489,Direction coat,Coat,Garment Upper body,Solid,Beige,Dusty Light,Mole,Woven Premium,Ladieswear,14,Womens Premium,"Straight-cut coat in a felted wool blend with notch lapels, concealed press-studs down the front, side pockets and a single back vent. Unlined.",794,https://retail-bucket-ai-project.s3.us-west-1.amazonaws.com/069/0690489001.jpg
690491001,690491,Malakin handmade coat,Coat,Garment Upper body,Solid,Dark Blue,Dark,Blue,Woven Premium,Ladieswear,14,Womens Premium,"Coat in a felted wool blend with a shawl collar, detachable tie belt at the waist, concealed pockets in the side seams and no buttons. Unlined.",578,https://retail-bucket-ai-project.s3.us-west-1.amazonaws.com/069/0690491001.jpg
690491002,690491,Malakin handmade coat,Coat,Garment Upper body,Melange,Grey,Dusty Light,Grey,Woven Premium,Ladieswear,14,Womens Premium,"Coat in a felted wool blend with a shawl collar, detachable tie belt at the waist, concealed pockets in the side seams and no buttons. Unlined.",704,https://retail-bucket-ai-project.s3.us-west-1.amazonaws.com/069/0690491002.jpg
690498001,690498,Lou mohair jumper,Sweater,Garment Upper body,Solid,Light Orange,Dusty Light,Orange,Knitwear,Ladieswear,18,Womens Trend,"Loose-knit, mohair-blend jumper in a relaxed fit with dropped shoulders and ribbing around the neckline, cuffs and hem.",770,https://retail-bucket-ai-project.s3.us-west-1.amazonaws.com/069/0690498001.jpg
690498002,690498,Lou mohair jumper,Sweater,Garment Upper body,Solid,Light Green,Light,Green,Knitwear,Ladieswear,18,Womens Trend,"Loose-knit, mohair-blend jumper in a relaxed fit with dropped shoulders and ribbing around the neckline, cuffs and hem.",540,https://retail-bucket-ai-project.s3.us-west-1.amazonaws.com/069/0690498002.jpg
690498005,690498,Lou mohair jumper,Sweater,Garment Upper body,Solid,Light Yellow,Dusty Light,Yellow,Knitwear,Ladieswear,18,Womens Trend,"Loose-knit, mohair-blend jumper in a relaxed fit with dropped shoulders and ribbing around the neckline, cuffs and hem.",436,https://retail-bucket-ai-project.s3.us-west-1.amazonaws.com/069/0690498005.jpg
690502001,690502,Ella blouse,Blouse,Garment Upper body,Solid,Dark Grey,Dark,Grey,Woven Premium,Ladieswear,14,Womens Premium,"Blouse in airy silk crêpe with concealed buttons down the front, a small, frill-trimmed stand-up collar with a covered button at the front, and a yoke with decorative gathers at the back. Long sleeves, frill-trimmed, gathered cuffs with covered buttons, and a rounded hem. Slightly longer at the back.",464,https://retail-bucket-ai-project.s3.us-west-1.amazonaws.com/069/0690502001.jpg
690502003,690502,Ella blouse,Blouse,Garment Upper body,Solid,Off White,Dusty Light,White,Woven Premium,Ladieswear,14,Womens Premium,"Blouse in airy silk crêpe with concealed buttons down the front, a small, frill-trimmed stand-up collar with a covered button at the front, and a yoke with decorative gathers at the back. Long sleeves, frill-trimmed, gathered cuffs with covered buttons, and a rounded hem. Slightly longer at the back.",457,https://retail-bucket-ai-project.s3.us-west-1.amazonaws.com/069/0690502003.jpg
690504001,690504,Hunt dress W,Dress,Garment Full body,Solid,Black,Dark,Black,Dresses,Divided,53,Divided Collection,"Short, gently fitted dungaree dress in velvet with wide shoulder straps, a visible zip at the front and a seam at the waist. Lined at the top.",839,https://retail-bucket-ai-project.s3.us-west-1.amazonaws.com/069/0690504001.jpg
690506001,690506,Petter Popover shirt,Blouse,Garment Upper body,Stripe,Dark Blue,Medium Dusty,Blue,Blouse,Ladieswear,6,Womens Casual,"Blouse in a cotton crêpe weave with a grandad collar, button placket and long sleeves with buttoned cuffs. Rounded hem, longer at the back.",489,https://retail-bucket-ai-project.s3.us-west-1.amazonaws.com/069/0690506001.jpg
690506002,690506,Petter Popover shirt,Blouse,Garment Upper body,Stripe,Pink,Dusty Light,Pink,Blouse,Ladieswear,6,Womens Casual,"Blouse in a cotton crêpe weave with a grandad collar, button placket and long sleeves with buttoned cuffs. Rounded hem, longer at the back.",862,https://retail-bucket-ai-project.s3.us-west-1.amazonaws.com/069/0690506002.jpg
690506003,690506,Petter Popover shirt,Blouse,Garment Upper body,Stripe,White,Light,White,Blouse,Ladieswear,6,Womens Casual,"Blouse in a cotton crêpe weave with a grandad collar, button placket and long sleeves with buttoned cuffs. Rounded hem, longer at the back.",991,https://retail-bucket-ai-project.s3.us-west-1.amazonaws.com/069/0690506003.jpg
690506004,690506,Petter Popover shirt,Blouse,Garment Upper body,Stripe,Light Turquoise,Dusty Light,Turquoise,Blouse,Ladieswear,6,Womens Casual,"Blouse in a cotton crêpe weave with a grandad collar, button placket and long sleeves with buttoned cuffs. Rounded hem, longer at the back.",1496,https://retail-bucket-ai-project.s3.us-west-1.amazonaws.com/069/0690506004.jpg
690506008,690506,Petter Popover shirt,Blouse,Garment Upper body,Stripe,Light Red,Medium,Red,Blouse,Ladieswear,6,Womens Casual,"Blouse in a cotton crêpe weave with a grandad collar, button placket and long sleeves with buttoned cuffs. Rounded hem, longer at the back.",1000,https://retail-bucket-ai-project.s3.us-west-1.amazonaws.com/069/0690506008.jpg
690511001,690511,+ Shake it in Balconette,Bikini top,Swimwear,Solid,Black,Dark,Black,Swimwear,Ladieswear,60,"Womens Swimwear, beachwear","Lined balconette bikini top with underwired, lightly padded cups, draping at the front, detachable, adjustable shoulder straps and an adjustable metal fastener at the back. Side support and a silicone trim at the back.",808,https://retail-bucket-ai-project.s3.us-west-1.amazonaws.com/069/0690511001.jpg
690511002,690511,+ Shake it in Balconette,Bikini top,Swimwear,Stripe,Black,Dark,Black,Swimwear,Ladieswear,60,"Womens Swimwear, beachwear","Lined balconette bikini top with underwired, lightly padded cups, draping at the front, detachable, adjustable shoulder straps and an adjustable metal fastener at the back. Side support and a silicone trim at the back.",898,https://retail-bucket-ai-project.s3.us-west-1.amazonaws.com/069/0690511002.jpg
690511004,690511,+ Shake it in Balconette,Bikini top,Swimwear,All over pattern,Light Orange,Dusty Light,Orange,Swimwear,Ladieswear,60,"Womens Swimwear, beachwear","Lined balconette bikini top with underwired, lightly padded cups, draping at the front, detachable, adjustable shoulder straps and an adjustable metal fastener at the back. Side support and a silicone trim at the back.",647,https://retail-bucket-ai-project.s3.us-west-1.amazonaws.com/069/0690511004.jpg
690513001,690513,MAMA Hawaii Swimsuit,Swimsuit,Swimwear,Solid,Black,Dark,Black,Swimwear,Ladieswear,60,"Womens Swimwear, beachwear","Fully lined swimsuit with shaped, padded cups, a wrapover top, seam under the bust and low-cut back. Gathers in the side seams for best fit. The swimsuit is made partly from recycled polyester and polyamide.",682,https://retail-bucket-ai-project.s3.us-west-1.amazonaws.com/069/0690513001.jpg
690513002,690513,MAMA Hawaii Swimsuit,Swimsuit,Swimwear,Stripe,Dark Blue,Dark,Blue,Swimwear,Ladieswear,60,"Womens Swimwear, beachwear","Fully lined swimsuit with shaped, padded cups, a wrapover top, seam under the bust and low-cut back. Gathers in the side seams for best fit. The swimsuit is made partly from recycled polyester and polyamide.",1100,https://retail-bucket-ai-project.s3.us-west-1.amazonaws.com/069/0690513002.jpg
690513003,690513,MAMA Hawaii Swimsuit,Swimsuit,Swimwear,All over pattern,Beige,Medium Dusty,Beige,Swimwear,Ladieswear,60,"Womens Swimwear, beachwear","Fully lined swimsuit with shaped, padded cups, a wrapover top, seam under the bust and low-cut back. Gathers in the side seams for best fit. The swimsuit is made partly from recycled polyester and polyamide.",803,https://retail-bucket-ai-project.s3.us-west-1.amazonaws.com/069/0690513003.jpg
690513006,690513,MAMA Hawaii Swimsuit,Swimsuit,Swimwear,Stripe,Blue,Light,Lilac Purple,Swimwear,Ladieswear,60,"Womens Swimwear, beachwear","Fully lined swimsuit with shaped, padded cups, a wrapover top, seam under the bust and low-cut back. Gathers in the side seams for best fit. The swimsuit is made partly from recycled polyester and polyamide.",620,https://retail-bucket-ai-project.s3.us-west-1.amazonaws.com/069/0690513006.jpg
690513007,690513,MAMA Hawaii Swimsuit,Swimsuit,Swimwear,All over pattern,Off White,Light,White,Swimwear,Ladieswear,60,"Womens Swimwear, beachwear","Fully lined swimsuit with shaped, padded cups, a wrapover top, seam under the bust and low-cut back. Gathers in the side seams for best fit. The swimsuit is made partly from recycled polyester and polyamide.",510,https://retail-bucket-ai-project.s3.us-west-1.amazonaws.com/069/0690513007.jpg
690518001,690518,Tropic skirt,Skirt,Garment Lower body,Solid,Black,Dark,Black,Woven Premium,Ladieswear,14,Womens Premium,"Knee-length, A-line skirt in satin made from silk containing some elastane with a high waist. Unlined.",660,https://retail-bucket-ai-project.s3.us-west-1.amazonaws.com/069/0690518001.jpg
690523001,690523,Lily blouse,Blouse,Garment Upper body,Solid,Off White,Dusty Light,White,Woven Premium,Ladieswear,14,Womens Premium,"Long-sleeved silk blouse with a small stand-up collar and concealed buttons down the front. Wide cuffs with a slit and button, and a rounded hem.",618,https://retail-bucket-ai-project.s3.us-west-1.amazonaws.com/069/0690523001.jpg
690526001,690526,Ronja skirt,Skirt,Garment Lower body,Check,Grey,Medium Dusty,Grey,Skirt,Ladieswear,15,Womens Everyday Collection,Short skirt in a patterned weave with a sewn-in wrapover with decorative buttons at the front and a zip at the back. Lined.,1336,https://retail-bucket-ai-project.s3.us-west-1.amazonaws.com/069/0690526001.jpg
690526005,690526,Ronja skirt,Skirt,Garment Lower body,Check,Beige,Dusty Light,Beige,Skirt,Ladieswear,15,Womens Everyday Collection,Short skirt in a patterned weave with a sewn-in wrapover with decorative buttons at the front and a zip at the back. Lined.,1108,https://retail-bucket-ai-project.s3.us-west-1.amazonaws.com/069/0690526005.jpg
690541003,690541,Jan poplin shirt,Shirt,Garment Upper body,Solid,White,Light,White,Blouse,Ladieswear,6,Womens Casual,"Straight-cut shirt in cotton poplin with a collar, buttons down the front and an open chest pocket. Long sleeves with buttoned cuffs, and a rounded hem. Slightly longer at the back.",715,https://retail-bucket-ai-project.s3.us-west-1.amazonaws.com/069/0690541003.jpg
690541004,690541,Jan poplin shirt,Shirt,Garment Upper body,Solid,Light Red,Medium,Red,Blouse,Ladieswear,6,Womens Casual,"Straight-cut shirt in cotton poplin with a collar, buttons down the front and an open chest pocket. Long sleeves with buttoned cuffs, and a rounded hem. Slightly longer at the back.",1058,https://retail-bucket-ai-project.s3.us-west-1.amazonaws.com/069/0690541004.jpg
690545001,690545,Smith chelsea,Boots,Shoes,Solid,Black,Dark,Black,Shoes,Menswear,27,Men Shoes,Chelsea boots with elastic gores in the sides and a loop front and back. Canvas linings and insoles. Heel 3 cm.,1458,https://retail-bucket-ai-project.s3.us-west-1.amazonaws.com/069/0690545001.jpg
690545002,690545,Smith chelsea,Boots,Shoes,Solid,Yellowish Brown,Dark,Brown,Shoes,Menswear,27,Men Shoes,Chelsea boots with elastic gores in the sides and a loop front and back. Canvas linings and insoles. Heel 3 cm.,525,https://retail-bucket-ai-project.s3.us-west-1.amazonaws.com/069/0690545002.jpg
690545003,690545,Smith chelsea,Boots,Shoes,Solid,Yellowish Brown,Dark,Brown,Shoes,Menswear,27,Men Shoes,Chelsea boots with elastic gores in the sides and a loop front and back. Canvas linings and insoles. Heel 3 cm.,1106,https://retail-bucket-ai-project.s3.us-west-1.amazonaws.com/069/0690545003.jpg
690545006,690545,Smith chelsea(1),Boots,Shoes,Solid,Yellowish Brown,Dark,Brown,Shoes / Boots inactive from s5,Menswear,27,Men Shoes,Chelsea boots with elastic gores in the sides and a loop front and back. Canvas linings and insoles. Heel 3 cm.,1223,https://retail-bucket-ai-project.s3.us-west-1.amazonaws.com/069/0690545006.jpg
690548002,690548,Kendrick Cardigan,Sweater,Garment Upper body,Melange,Light Orange,Dusty Light,Orange,Jersey/Knitwear Premium,Ladieswear,14,Womens Premium,"Cardigan in soft, fine-knit cashmere with a V-neck, buttons down the front, long raglan sleeves and roll edges at the cuffs and hem.",668,https://retail-bucket-ai-project.s3.us-west-1.amazonaws.com/069/0690548002.jpg
690565001,690565,Kari sweater,Sweater,Garment Upper body,Solid,Light Orange,Dusty Light,Orange,Jersey/Knitwear Premium,Ladieswear,14,Womens Premium,"Jumper in soft, rib-knit cashmere with a V-neck, dropped shoulders, long sleeves and a gently rounded hem. Slightly longer at the back.",569,https://retail-bucket-ai-project.s3.us-west-1.amazonaws.com/069/0690565001.jpg
690565002,690565,Kari sweater,Sweater,Garment Upper body,Solid,Off White,Light,White,Jersey/Knitwear Premium,Ladieswear,14,Womens Premium,"Jumper in soft, rib-knit cashmere with a V-neck, dropped shoulders, long sleeves and a gently rounded hem. Slightly longer at the back.",1047,https://retail-bucket-ai-project.s3.us-west-1.amazonaws.com/069/0690565002.jpg
690566005,690566,Charlene mohair cardigan,Cardigan,Garment Upper body,Melange,Grey,Medium Dusty,Grey,Knitwear,Ladieswear,18,Womens Trend,Cardigan knitted in a soft wool blend with buttons down the front.,938,https://retail-bucket-ai-project.s3.us-west-1.amazonaws.com/069/0690566005.jpg
690569001,690569,Alexander cardigan,Cardigan,Garment Upper body,Solid,Dark Blue,Dark,Blue,Young Boy Knitwear,Baby/Children,47,Young Boy,"V-neck cardigan in fine-knit cotton with long sleeves, buttons down the front and ribbing at the cuffs and hem.",650,https://retail-bucket-ai-project.s3.us-west-1.amazonaws.com/069/0690569001.jpg
690579001,690579,Empire big scarf,Scarf,Accessories,All over pattern,Light Orange,Dusty Light,Orange,Accessories,Ladieswear,18,Womens Trend,"Scarf in an airy, patterned cotton weave with fringes along the short sides. Size 25x200 cm.",1274,https://retail-bucket-ai-project.s3.us-west-1.amazonaws.com/069/0690579001.jpg
690586001,690586,Tracy blazer v.6,Blazer,Garment Upper body,Check,Dark Beige,Medium Dusty,Brown,Outwear & Blazers,Ladieswear,18,Womens Trend,"Oversized jacket in a checked weave with narrow notch lapels and buttons at the front. Welt front pockets with a flap, buttons at the cuffs and a single back vent. Lined.",1292,https://retail-bucket-ai-project.s3.us-west-1.amazonaws.com/069/0690586001.jpg
690593001,690593,Cloud jacket,Coat,Garment Upper body,Melange,Light Grey,Dusty Light,Grey,Outwear & Blazers,Ladieswear,18,Womens Trend,Double-breasted coat in a felted wool blend with notch lapels and flap front pockets. Lined.,896,https://retail-bucket-ai-project.s3.us-west-1.amazonaws.com/069/0690593001.jpg
690593002,690593,Cloud jacket,Coat,Garment Upper body,Stripe,Beige,Medium Dusty,Beige,Outwear & Blazers,Ladieswear,18,Womens Trend,Double-breasted coat in a felted wool blend with notch lapels and flap front pockets. Lined.,982,https://retail-bucket-ai-project.s3.us-west-1.amazonaws.com/069/0690593002.jpg
690606001,690606,Piff blazer,Blazer,Garment Upper body,Solid,Black,Dark,Black,Outwear & Blazers,Ladieswear,18,Womens Trend,"Straight-cut jacket in sturdy fabric containing some wool with notch lapels, one button at the front, a chest pocket and flap front pockets. Decorative buttons at the cuffs and a single back vent. Lined.",1286,https://retail-bucket-ai-project.s3.us-west-1.amazonaws.com/069/0690606001.jpg
690611001,690611,Andrew,Sweater,Garment Upper body,Jacquard,Off White,Dusty Light,Unknown,Knitwear,Ladieswear,15,Womens Everyday Collection,"Off-the-shoulder jumper in a soft, fine knit containing some wool with long raglan sleeves, a wide foldover at the top with a jacquard-knit pattern, and ribbing at the cuffs and hem.",912,https://retail-bucket-ai-project.s3.us-west-1.amazonaws.com/069/0690611001.jpg
690616001,690616,Nanna checked blz,Blazer,Garment Upper body,Check,Black,Dark,Black,Suit jacket,Ladieswear,15,Womens Everyday Collection,"Long jacket in woven fabric with peak lapels, a single button fastening at the front and welt front pockets. Lined.",1474,https://retail-bucket-ai-project.s3.us-west-1.amazonaws.com/069/0690616001.jpg
690617001,690617,Harry sleeveless top,Shirt,Garment Upper body,Stripe,Blue,Medium,Blue,Blouse,Ladieswear,6,Womens Casual,"Sleeveless blouse in an airy cotton weave with a collar, button placket and rounded hem.",699,https://retail-bucket-ai-project.s3.us-west-1.amazonaws.com/069/0690617001.jpg
690617002,690617,Harry sleeveless top,Shirt,Garment Upper body,Solid,White,Light,White,Blouse,Ladieswear,6,Womens Casual,"Sleeveless blouse in an airy cotton weave with a collar, button placket and rounded hem.",819,https://retail-bucket-ai-project.s3.us-west-1.amazonaws.com/069/0690617002.jpg
690617006,690617,Harry sleeveless top,Shirt,Garment Upper body,Stripe,Greenish Khaki,Medium Dusty,Khaki green,Blouse,Ladieswear,6,Womens Casual,"Sleeveless blouse in an airy cotton weave with a collar, button placket and rounded hem.",1175,https://retail-bucket-ai-project.s3.us-west-1.amazonaws.com/069/0690617006.jpg
690618001,690618,Jiminy,Sweater,Garment Upper body,Melange,Beige,Medium Dusty,Beige,Knitwear,Ladieswear,15,Womens Everyday Collection,"Polo-neck jumper in a soft rib knit containing some wool with dropped shoulders, long sleeves and slits in the sides. Longer at the back.",485,https://retail-bucket-ai-project.s3.us-west-1.amazonaws.com/069/0690618001.jpg
690621001,690621,New Kenta blouse,Blouse,Garment Upper body,Stripe,Dark Blue,Dark,Blue,Blouse,Ladieswear,6,Womens Casual,"Long-sleeved blouse in a patterned weave with a slightly wider neckline, buttoned cuffs and gently rounded hem.",361,https://retail-bucket-ai-project.s3.us-west-1.amazonaws.com/069/0690621001.jpg
690621002,690621,New Kenta blouse,Blouse,Garment Upper body,Stripe,Blue,Medium,Blue,Blouse,Ladieswear,6,Womens Casual,"Long-sleeved blouse in a patterned weave with a slightly wider neckline, buttoned cuffs and gently rounded hem.",886,https://retail-bucket-ai-project.s3.us-west-1.amazonaws.com/069/0690621002.jpg
690621006,690621,New Kenta blouse,Blouse,Garment Upper body,All over pattern,Dark Red,Dark,Red,Blouse,Ladieswear,6,Womens Casual,"Long-sleeved blouse in a patterned weave with a slightly wider neckline, buttoned cuffs and gently rounded hem.",902,https://retail-bucket-ai-project.s3.us-west-1.amazonaws.com/069/0690621006.jpg
690623002,690623,Simba,Sweater,Garment Upper body,Solid,Red,Bright,Red,Knitwear,Ladieswear,15,Womens Everyday Collection,"Oversized jumper in a soft knit containing some wool with a cowl neck, long raglan sleeves and wide ribbing at the cuffs and hem.",575,https://retail-bucket-ai-project.s3.us-west-1.amazonaws.com/069/0690623002.jpg
690623004,690623,Simba,Sweater,Garment Upper body,Solid,Beige,Medium Dusty,Beige,Knitwear,Ladieswear,15,Womens Everyday Collection,"Oversized jumper in a soft knit containing some wool with a cowl neck, long raglan sleeves and wide ribbing at the cuffs and hem.",393,https://retail-bucket-ai-project.s3.us-west-1.amazonaws.com/069/0690623004.jpg
690624001,690624,Happy,Sweater,Garment Upper body,Melange,Light Beige,Dusty Light,Beige,Knitwear,Ladieswear,15,Womens Everyday Collection,"Oversized jumper in a soft cable knit with a polo neck, low dropped shoulders and long, wide sleeves. Straight hem and ribbing at the cuffs and hem. Slightly longer at the back.",1314,https://retail-bucket-ai-project.s3.us-west-1.amazonaws.com/069/0690624001.jpg
690624002,690624,Happy,Sweater,Garment Upper body,Melange,Grey,Dusty Light,Grey,Knitwear,Ladieswear,15,Womens Everyday Collection,"Oversized jumper in a soft cable knit with a polo neck, low dropped shoulders and long, wide sleeves. Straight hem and ribbing at the cuffs and hem. Slightly longer at the back.",1139,https://retail-bucket-ai-project.s3.us-west-1.amazonaws.com/069/0690624002.jpg
690625001,690625,Bosse 5-pack,Socks,Socks & Tights,All over pattern,Grey,Dusty Light,Grey,Baby Socks,Baby/Children,44,Baby Essentials & Complements,Fine-knit socks in a soft cotton blend.,579,https://retail-bucket-ai-project.s3.us-west-1.amazonaws.com/069/0690625001.jpg
690625002,690625,Bosse 5-pack,Socks,Socks & Tights,All over pattern,Light Pink,Dusty Light,Pink,Baby Socks,Baby/Children,44,Baby Essentials & Complements,Fine-knit socks in a soft cotton blend.,567,https://retail-bucket-ai-project.s3.us-west-1.amazonaws.com/069/0690625002.jpg
690625003,690625,Bosse 5-pack,Socks,Socks & Tights,All over pattern,Dark Blue,Medium,Blue,Baby Socks,Baby/Children,44,Baby Essentials & Complements,Fine-knit socks in a soft cotton blend.,987,https://retail-bucket-ai-project.s3.us-west-1.amazonaws.com/069/0690625003.jpg
690625004,690625,Bosse 5-pack,Socks,Socks & Tights,Stripe,Dark Blue,Dark,Blue,Baby Socks,Baby/Children,44,Baby Essentials & Complements,Fine-knit socks in a soft cotton blend.,1455,https://retail-bucket-ai-project.s3.us-west-1.amazonaws.com/069/0690625004.jpg
690625005,690625,Bosse 5-pack,Socks,Socks & Tights,All over pattern,Grey,Dusty Light,Grey,Baby Socks,Baby/Children,44,Baby Essentials & Complements,Fine-knit socks in a soft cotton blend.,1168,https://retail-bucket-ai-project.s3.us-west-1.amazonaws.com/069/0690625005.jpg
690625006,690625,Bosse 5-pack,Socks,Socks & Tights,All over pattern,Off White,Dusty Light,White,Baby Socks,Baby/Children,44,Baby Essentials & Complements,Fine-knit socks in a soft cotton blend.,589,https://retail-bucket-ai-project.s3.us-west-1.amazonaws.com/069/0690625006.jpg
690625007,690625,Bosse 5-pack,Socks,Socks & Tights,All over pattern,Dark Blue,Dark,Blue,Baby Socks,Baby/Children,44,Baby Essentials & Complements,Fine-knit socks in a soft cotton blend.,1051,https://retail-bucket-ai-project.s3.us-west-1.amazonaws.com/069/0690625007.jpg
690625008,690625,Bosse 5-pack,Socks,Socks & Tights,All over pattern,Light Yellow,Dusty Light,Yellow,Baby Socks,Baby/Children,44,Baby Essentials & Complements,Fine-knit socks in a soft cotton blend.,887,https://retail-bucket-ai-project.s3.us-west-1.amazonaws.com/069/0690625008.jpg
690627001,690627,Kivik Linen Popover,Shirt,Garment Upper body,Stripe,Light Blue,Light,Blue,Blouse,Ladieswear,6,Womens Casual,"Wide shirt in a linen and cotton blend with a collar, V-neck and yoke with a pleat at the back. Dropped shoulders, long sleeves with buttoned cuffs, and a rounded hem.",1006,https://retail-bucket-ai-project.s3.us-west-1.amazonaws.com/069/0690627001.jpg
690627002,690627,Kivik Linen Popover,Shirt,Garment Upper body,Solid,White,Light,White,Blouse,Ladieswear,6,Womens Casual,"Wide shirt in a linen and cotton blend with a collar, V-neck and yoke with a pleat at the back. Dropped shoulders, long sleeves with buttoned cuffs, and a rounded hem.",1319,https://retail-bucket-ai-project.s3.us-west-1.amazonaws.com/069/0690627002.jpg
690627004,690627,Kivik Linen Popover,Shirt,Garment Upper body,Stripe,Light Pink,Light,Pink,Blouse,Ladieswear,6,Womens Casual,"Wide shirt in a linen and cotton blend with a collar, V-neck and yoke with a pleat at the back. Dropped shoulders, long sleeves with buttoned cuffs, and a rounded hem.",1075,https://retail-bucket-ai-project.s3.us-west-1.amazonaws.com/069/0690627004.jpg
690633001,690633,Ally Blazer Dress,Blazer,Garment Upper body,Solid,Black,Dark,Black,Suit jacket,Ladieswear,15,Womens Everyday Collection,"Short, fitted, double-breasted dress in woven fabric with a deep V-neck and satin lapels. Long sleeves, flap welt front pockets, covered buttons at the front and a concealed safety button at the hem. Lined.",1187,https://retail-bucket-ai-project.s3.us-west-1.amazonaws.com/069/0690633001.jpg
690644001,690644,Pluto OTS,Blouse,Garment Upper body,Solid,White,Light,White,Blouse,Ladieswear,6,Womens Casual,"Off-the-shoulder blouse in a cotton weave with elasticated smocking and a short frill trim at the top, 3/4-length raglan sleeves with a slit and ties at the cuffs, and a rounded hem.",518,https://retail-bucket-ai-project.s3.us-west-1.amazonaws.com/069/0690644001.jpg
690644002,690644,Pluto OTS,Blouse,Garment Upper body,Stripe,Light Blue,Light,Blue,Blouse,Ladieswear,6,Womens Casual,"Off-the-shoulder blouse in a cotton weave with elasticated smocking and a short frill trim at the top, 3/4-length raglan sleeves with a slit and ties at the cuffs, and a rounded hem.",397,https://retail-bucket-ai-project.s3.us-west-1.amazonaws.com/069/0690644002.jpg
690644003,690644,Pluto OTS,Blouse,Garment Upper body,Stripe,Blue,Light,Blue,Blouse,Ladieswear,6,Womens Casual,"Off-the-shoulder blouse in a cotton weave with elasticated smocking and a short frill trim at the top, 3/4-length raglan sleeves with a slit and ties at the cuffs, and a rounded hem.",684,https://retail-bucket-ai-project.s3.us-west-1.amazonaws.com/069/0690644003.jpg
690644004,690644,Pluto OTS,Blouse,Garment Upper body,Stripe,Light Pink,Light,Pink,Blouse,Ladieswear,6,Womens Casual,"Off-the-shoulder blouse in a cotton weave with elasticated smocking and a short frill trim at the top, 3/4-length raglan sleeves with a slit and ties at the cuffs, and a rounded hem.",864,https://retail-bucket-ai-project.s3.us-west-1.amazonaws.com/069/0690644004.jpg
690683001,690683,Tilda,Blazer,Garment Upper body,Solid,Black,Dark,Black,Suit jacket,Ladieswear,15,Womens Everyday Collection,"Fitted jacket in woven fabric with notch lapels, decorative, covered buttons at the cuffs and a tie belt. Lined.",1036,https://retail-bucket-ai-project.s3.us-west-1.amazonaws.com/069/0690683001.jpg
690690001,690690,Venice LOW SG,Sneakers,Shoes,All over pattern,White,Light,White,Kids Girl Shoes,Baby/Children,42,Kids & Baby Shoes,Trainers in patterned canvas with an elastic gore at the front. Canvas linings and insoles and thermoplastic rubber (TPR) soles.,1403,https://retail-bucket-ai-project.s3.us-west-1.amazonaws.com/069/0690690001.jpg
690690002,690690,Venice LOW SG,Sneakers,Shoes,Solid,Dark Blue,Dark,Blue,Kids Girl Shoes,Baby/Children,42,Kids & Baby Shoes,Trainers in patterned canvas with an elastic gore at the front. Canvas linings and insoles and thermoplastic rubber (TPR) soles.,783,https://retail-bucket-ai-project.s3.us-west-1.amazonaws.com/069/0690690002.jpg
690690003,690690,Venice LOW SG,Sneakers,Shoes,All over pattern,Light Pink,Dusty Light,Pink,Kids Girl Shoes,Baby/Children,42,Kids & Baby Shoes,Trainers in patterned canvas with an elastic gore at the front. Canvas linings and insoles and thermoplastic rubber (TPR) soles.,432,https://retail-bucket-ai-project.s3.us-west-1.amazonaws.com/069/0690690003.jpg
690691001,690691,Roxy Fancy HT SG,Sneakers,Shoes,Sequin,Light Orange,Dusty Light,Orange,Kids Girl Shoes,Baby/Children,42,Kids & Baby Shoes,"Glittery hi-tops in imitation leather with a lightly padded edge and tongue, hook and loop tab at the top, elasticated lacing at the front and a loop at the back. Mesh linings and insoles and TPR (thermoplastic rubber) soles.",1117,https://retail-bucket-ai-project.s3.us-west-1.amazonaws.com/069/0690691001.jpg
690691002,690691,Roxy Fancy HT SG,Sneakers,Shoes,Glittering/Metallic,Light Pink,Dusty Light,Pink,Kids Girl Shoes,Baby/Children,42,Kids & Baby Shoes,"Glittery hi-tops in imitation leather with a lightly padded edge and tongue, hook and loop tab at the top, elasticated lacing at the front and a loop at the back. Mesh linings and insoles and TPR (thermoplastic rubber) soles.",1221,https://retail-bucket-ai-project.s3.us-west-1.amazonaws.com/069/0690691002.jpg
690692002,690692,Jassie HT SG,Sneakers,Shoes,Glittering/Metallic,Dark Blue,Dark,Blue,Kids Girl Shoes,Baby/Children,42,Kids & Baby Shoes,"Imitation leather hi-tops with elasticated lacing at the front, loop at the back and a hook and loop tab at the top. Mesh linings and insoles and thermoplastic rubber (TPR) soles.",834,https://retail-bucket-ai-project.s3.us-west-1.amazonaws.com/069/0690692002.jpg
690692003,690692,Jassie HT SG,Sneakers,Shoes,Placement print,White,Light,White,Kids Girl Shoes,Baby/Children,42,Kids & Baby Shoes,"Imitation leather hi-tops with elasticated lacing at the front, loop at the back and a hook and loop tab at the top. Mesh linings and insoles and thermoplastic rubber (TPR) soles.",1392,https://retail-bucket-ai-project.s3.us-west-1.amazonaws.com/069/0690692003.jpg
690707003,690707,Edwin pile hood,Hoodie,Garment Upper body,Colour blocking,Dark Blue,Dark,Blue,Jersey Fancy,Menswear,21,Contemporary Casual,"Jacket in sweatshirt fabric with a pile-lined, drawstring hood, zip down the front, side pockets and ribbing at the cuffs and hem. Pile lining.",1177,https://retail-bucket-ai-project.s3.us-west-1.amazonaws.com/069/0690707003.jpg
690707004,690707,Edwin pile hood,Hoodie,Garment Upper body,Colour blocking,Black,Dark,Black,Jersey Fancy,Menswear,21,Contemporary Casual,"Jacket in sweatshirt fabric with a pile-lined, drawstring hood, zip down the front, side pockets and ribbing at the cuffs and hem. Pile lining.",1375,https://retail-bucket-ai-project.s3.us-west-1.amazonaws.com/069/0690707004.jpg
690707005,690707,Edwin pile hood,Hoodie,Garment Upper body,Solid,Black,Dark,Black,Jersey Fancy,Menswear,21,Contemporary Casual,"Jacket in sweatshirt fabric with a pile-lined, drawstring hood, zip down the front, side pockets and ribbing at the cuffs and hem. Pile lining.",842,https://retail-bucket-ai-project.s3.us-west-1.amazonaws.com/069/0690707005.jpg
690713007,690713,Palace strap dress,Dress,Garment Full body,Solid,Black,Dark,Black,Dress,Ladieswear,6,Womens Casual,"Knee-length dress in a crinkled weave with narrow shoulder straps and a narrow, detachable tie belt at the waist. Unlined.",1117,https://retail-bucket-ai-project.s3.us-west-1.amazonaws.com/069/0690713007.jpg
690713008,690713,Palace strap dress,Dress,Garment Full body,All over pattern,Dark Blue,Dark,Blue,Dress,Ladieswear,6,Womens Casual,"Knee-length dress in a crinkled weave with narrow shoulder straps and a narrow, detachable tie belt at the waist. Unlined.",1407,https://retail-bucket-ai-project.s3.us-west-1.amazonaws.com/069/0690713008.jpg
690713010,690713,Palace strap dress,Dress,Garment Full body,All over pattern,Greenish Khaki,Medium Dusty,Khaki green,Dress,Ladieswear,6,Womens Casual,"Knee-length dress in a crinkled weave with narrow shoulder straps and a narrow, detachable tie belt at the waist. Unlined.",731,https://retail-bucket-ai-project.s3.us-west-1.amazonaws.com/069/0690713010.jpg
690713011,690713,Palace strap dress,Dress,Garment Full body,All over pattern,Dark Yellow,Dark,Yellow,Dress,Ladieswear,6,Womens Casual,"Knee-length dress in a crinkled weave with narrow shoulder straps and a narrow, detachable tie belt at the waist. Unlined.",1178,https://retail-bucket-ai-project.s3.us-west-1.amazonaws.com/069/0690713011.jpg
690714004,690714,Brest shirt dress,Dress,Garment Full body,Stripe,Greenish Khaki,Medium Dusty,Khaki green,Dress,Ladieswear,6,Womens Casual,"Short dress in a patterned viscose weave with a V-neck, covered buttons at the top, a yoke at the back and short cap sleeves. Elasticated drawstring seam at the waist and a gently rounded hem with short slits in the sides. Slightly longer at the back. Unlined.",1453,https://retail-bucket-ai-project.s3.us-west-1.amazonaws.com/069/0690714004.jpg
690725002,690725,RAMONA RAIN JKT,Jacket,Garment Upper body,Solid,Light Beige,Dusty Light,White,Young Girl Outdoor,Baby/Children,45,Kids Outerwear,"Rain jacket in wind- and water-repellent functional fabric with closed seams and a detachable, pile-lined hood. Zip down the front with a chin guard, flap front pockets with a press-stud and elastication at the cuffs. Rounded and slightly longer at the back. Pile lining.",1312,https://retail-bucket-ai-project.s3.us-west-1.amazonaws.com/069/0690725002.jpg
690730001,690730,SOL SOFTSHELL,Jacket,Garment Upper body,All over pattern,Black,Dark,Black,Young Girl Outdoor,Baby/Children,45,Kids Outerwear,"Softshell jacket in windproof, water-repellent functional fabric with reflective details. Detachable hood, zip down the front, fleece-lined front pockets and inner ribbing with thumbholes at the cuffs. Brushed fleece inside. The jacket has a water-repellent coating without fluorocarbons.",1378,https://retail-bucket-ai-project.s3.us-west-1.amazonaws.com/069/0690730001.jpg
690730002,690730,SOL SOFTSHELL,Jacket,Garment Upper body,Melange,Grey,Dusty Light,Grey,Young Girl Outdoor,Baby/Children,45,Kids Outerwear,"Softshell jacket in windproof, water-repellent functional fabric with reflective details. Detachable hood, zip down the front, fleece-lined front pockets and inner ribbing with thumbholes at the cuffs. Brushed fleece inside. The jacket has a water-repellent coating without fluorocarbons.",1121,https://retail-bucket-ai-project.s3.us-west-1.amazonaws.com/069/0690730002.jpg
690732001,690732,VERONICA,Jacket,Garment Upper body,All over pattern,Black,Dark,Black,Young Girl Outdoor,Baby/Children,45,Kids Outerwear,"Lightly padded, quilted jacket in woven fabric with a sheen. Detachable, lined hood with a narrow elasticated edge, zip down the front, zipped side pockets and narrow elastication at the cuffs. Lined.",593,https://retail-bucket-ai-project.s3.us-west-1.amazonaws.com/069/0690732001.jpg
690734001,690734,Ofelia bag,Bag,Accessories,Solid,Black,Dark,Black,Bags,Divided,52,Divided Accessories,"Shopper in imitation suede with an imitation leather lower section. Handles and a magnetic fastener at the top, a detachable, adjustable shoulder strap and a zipped outer compartment. Lined. Size approx. 36x39 cm.",783,https://retail-bucket-ai-project.s3.us-west-1.amazonaws.com/069/0690734001.jpg
690734002,690734,Ofelia bag,Bag,Accessories,Solid,Dark Orange,Medium Dusty,Brown,Bags,Divided,52,Divided Accessories,"Shopper in imitation suede with an imitation leather lower section. Handles and a magnetic fastener at the top, a detachable, adjustable shoulder strap and a zipped outer compartment. Lined. Size approx. 36x39 cm.",1106,https://retail-bucket-ai-project.s3.us-west-1.amazonaws.com/069/0690734002.jpg
690734003,690734,Ofelia bag,Bag,Accessories,Solid,Dark Grey,Dark,Grey,Bags,Divided,52,Divided Accessories,"Shopper in imitation suede with an imitation leather lower section. Handles and a magnetic fastener at the top, a detachable, adjustable shoulder strap and a zipped outer compartment. Lined. Size approx. 36x39 cm.",1469,https://retail-bucket-ai-project.s3.us-west-1.amazonaws.com/069/0690734003.jpg
690756001,690756,Santorini Padded Swimsuit,Swimsuit,Swimwear,All over pattern,Light Blue,Light,Blue,Swimwear,Ladieswear,60,"Womens Swimwear, beachwear","Fully lined swimsuit with a flounce at the top that continues over one shoulder, and padded cups with removable inserts.",1443,https://retail-bucket-ai-project.s3.us-west-1.amazonaws.com/069/0690756001.jpg
690779001,690779,Ellen softbra 2p,Bra,Underwear,Solid,Dark Grey,Medium Dusty,Grey,Casual Lingerie,Ladieswear,61,Womens Lingerie,"Soft, non-wired bras in cotton jersey with lined, triangular cups that give the bust a natural shape and provide light support. Adjustable shoulder straps, concealed elastication at the hem and a hook-and-eye fastening at the back.",956,https://retail-bucket-ai-project.s3.us-west-1.amazonaws.com/069/0690779001.jpg
690782001,690782,Bee dress,Dress,Garment Full body,Solid,Off White,Dusty Light,White,Blouse & Dress,Ladieswear,18,Womens Trend,"Calf-length dress in a cupro and viscose weave with a collar, concealed buttons at the top, long sleeves with buttoned cuffs and a seam with a wide flounce at the hem. Unlined.",829,https://retail-bucket-ai-project.s3.us-west-1.amazonaws.com/069/0690782001.jpg
690783003,690783,Pin Blouse,Blouse,Garment Upper body,Embroidery,White,Light,White,Blouse & Dress,Ladieswear,18,Womens Trend,"Blouse in a cotton weave with embroidered sections. Small frilled collar, pin-tucks and concealed buttons down the front, and long, wide sleeves with buttoned cuffs.",1265,https://retail-bucket-ai-project.s3.us-west-1.amazonaws.com/069/0690783003.jpg
690783004,690783,Pin Blouse,Blouse,Garment Upper body,Embroidery,Dark Blue,Dark,Turquoise,Blouse & Dress,Ladieswear,18,Womens Trend,"Blouse in a cotton weave with embroidered sections. Small frilled collar, pin-tucks and concealed buttons down the front, and long, wide sleeves with buttoned cuffs.",1371,https://retail-bucket-ai-project.s3.us-west-1.amazonaws.com/069/0690783004.jpg
690783006,690783,Pin Blouse,Blouse,Garment Upper body,Embroidery,Black,Dark,Black,Blouse & Dress,Ladieswear,18,Womens Trend,"Blouse in a cotton weave with embroidered sections. Small frilled collar, pin-tucks and concealed buttons down the front, and long, wide sleeves with buttoned cuffs.",1040,https://retail-bucket-ai-project.s3.us-west-1.amazonaws.com/069/0690783006.jpg
690784003,690784,Ingalls Blouse,Blouse,Garment Upper body,All over pattern,White,Light,White,Blouse & Dress,Ladieswear,18,Womens Trend,"Blouse in a patterned cotton weave with braided trims, a collar, buttons down the front and a yoke front and back. Long puff sleeves with wide, buttoned cuffs. Rounded hem.",383,https://retail-bucket-ai-project.s3.us-west-1.amazonaws.com/069/0690784003.jpg
690789003,690789,Pond blouse,Blouse,Garment Upper body,Embroidery,Dark Blue,Medium Dusty,Blue,Blouse & Dress,Ladieswear,18,Womens Trend,"Blouse in a cotton weave with embroidered sections and a small stand-up collar. Gathered yoke front and back, concealed buttons down the front and long puff sleeves with wide, buttoned cuffs.",1104,https://retail-bucket-ai-project.s3.us-west-1.amazonaws.com/069/0690789003.jpg
690789004,690789,Pond blouse,Blouse,Garment Upper body,Embroidery,White,Dusty Light,White,Blouse & Dress,Ladieswear,18,Womens Trend,"Blouse in a cotton weave with embroidered sections and a small stand-up collar. Gathered yoke front and back, concealed buttons down the front and long puff sleeves with wide, buttoned cuffs.",1043,https://retail-bucket-ai-project.s3.us-west-1.amazonaws.com/069/0690789004.jpg
690800001,690800,Ragnar hood,Hoodie,Garment Upper body,Solid,Black,Dark,Black,Men Sport Bottoms,Sport,22,Men H&M Sport,"Running jacket in fast-drying, breathable functional fabric with reflective details. Hood, zip down the front, long sleeves with ribbing and thumbholes at the cuffs and a chest pocket with a taped zip. Rounded hem. Slightly longer at the back. Unlined.",1282,https://retail-bucket-ai-project.s3.us-west-1.amazonaws.com/069/0690800001.jpg
690800002,690800,Ragnar hood,Hoodie,Garment Upper body,Solid,Dark Blue,Dark,Turquoise,Men Sport Bottoms,Sport,22,Men H&M Sport,"Running jacket in fast-drying, breathable functional fabric with reflective details. Hood, zip down the front, long sleeves with ribbing and thumbholes at the cuffs and a chest pocket with a taped zip. Rounded hem. Slightly longer at the back. Unlined.",1144,https://retail-bucket-ai-project.s3.us-west-1.amazonaws.com/069/0690800002.jpg
690800003,690800,Ragnar hood,Hoodie,Garment Upper body,Melange,Grey,Medium Dusty,Grey,Men Sport Bottoms,Sport,22,Men H&M Sport,"Running jacket in fast-drying, breathable functional fabric with reflective details. Hood, zip down the front, long sleeves with ribbing and thumbholes at the cuffs and a chest pocket with a taped zip. Rounded hem. Slightly longer at the back. Unlined.",1204,https://retail-bucket-ai-project.s3.us-west-1.amazonaws.com/069/0690800003.jpg
690800005,690800,Ragnar hood,Hoodie,Garment Upper body,Melange,Dark Red,Dark,Red,Men Sport Bottoms,Sport,22,Men H&M Sport,"Running jacket in fast-drying, breathable functional fabric with reflective details. Hood, zip down the front, long sleeves with ribbing and thumbholes at the cuffs and a chest pocket with a taped zip. Rounded hem. Slightly longer at the back. Unlined.",1489,https://retail-bucket-ai-project.s3.us-west-1.amazonaws.com/069/0690800005.jpg
690803001,690803,Beau Natural Straw basket,Bag,Accessories,Solid,Light Orange,Dusty Light,Orange,Bags,Ladieswear,65,Womens Big accessories,Sturdy bag in braided straw with two imitation leather handles at the top. Lined with a sewn-in drawstring bag in a cotton weave. Size 17x28x35 cm.,835,https://retail-bucket-ai-project.s3.us-west-1.amazonaws.com/069/0690803001.jpg
690814001,690814,Lander perforated shopper,Bag,Accessories,Solid,Yellow,Medium,Yellow,Bags,Ladieswear,65,Womens Big accessories,"Shopper in sturdy, perforated imitation leather with round handles and a detachable, adjustable shoulder strap. Lined with a removable twill inner bag with a drawstring closure. The lining bag can be used separately. Size 14x25x32 cm.",980,https://retail-bucket-ai-project.s3.us-west-1.amazonaws.com/069/0690814001.jpg
690815001,690815,COLLAB Natalie Leté Robert SB,Sneakers,Shoes,Placement print,Black,Dark,Black,Kids Boy Shoes,Baby/Children,42,Kids & Baby Shoes,"NATHALIE LÉTÉ x H&M. Slip-on trainers in cotton canvas with a print motif, elastic gores in the sides and a loop at the back. Patterned canvas linings and insoles and rubber soles.",639,https://retail-bucket-ai-project.s3.us-west-1.amazonaws.com/069/0690815001.jpg
690820001,690820,ROMY REVERSABLE,Jacket,Garment Upper body,All over pattern,Light Pink,Light,Pink,Kids Girl Outdoor,Baby/Children,45,Kids Outerwear,"Reversible, padded jacket in woven fabric with a sheen. Detachable, lined hood with a narrow elasticated edge, zip down the front, zipped side pockets and narrow elastication at the cuffs. Lined.",410,https://retail-bucket-ai-project.s3.us-west-1.amazonaws.com/069/0690820001.jpg
690820003,690820,ROMY REVERSABLE,Jacket,Garment Upper body,All over pattern,Dark Blue,Dark,Blue,Kids Girl Outdoor,Baby/Children,45,Kids Outerwear,"Reversible, padded jacket in woven fabric with a sheen. Detachable, lined hood with a narrow elasticated edge, zip down the front, zipped side pockets and narrow elastication at the cuffs. Lined.",860,https://retail-bucket-ai-project.s3.us-west-1.amazonaws.com/069/0690820003.jpg
690820004,690820,ROMY REVERSABLE,Jacket,Garment Upper body,All over pattern,Pink,Medium,Pink,Kids Girl Outdoor,Baby/Children,45,Kids Outerwear,"Reversible, padded jacket in woven fabric with a sheen. Detachable, lined hood with a narrow elasticated edge, zip down the front, zipped side pockets and narrow elastication at the cuffs. Lined.",1212,https://retail-bucket-ai-project.s3.us-west-1.amazonaws.com/069/0690820004.jpg
690822001,690822,ANT PANTS,Outdoor trousers,Garment Lower body,Solid,Dark Pink,Bright,Pink,Kids Girl Outdoor,Baby/Children,45,Kids Outerwear,"Shell trousers in wind- and waterproof, breathable functional fabric with closed seams. Adjustable elasticated waist, a reflective strip on one leg and a reinforced elastic strap under the feet. Lined. The trousers have a water-repellent coating without fluorocarbons.",714,https://retail-bucket-ai-project.s3.us-west-1.amazonaws.com/069/0690822001.jpg
690822002,690822,ANT PANTS,Outdoor trousers,Garment Lower body,Solid,Dark Blue,Dark,Blue,Kids Girl Outdoor,Baby/Children,45,Kids Outerwear,"Shell trousers in wind- and waterproof, breathable functional fabric with closed seams. Adjustable elasticated waist, a reflective strip on one leg and a reinforced elastic strap under the feet. Lined. The trousers have a water-repellent coating without fluorocarbons.",968,https://retail-bucket-ai-project.s3.us-west-1.amazonaws.com/069/0690822002.jpg
690842001,690842,Flirty Flower Claw,Hair clip,Accessories,Solid,Dark Pink,Medium,Pink,Hair Accessories,Ladieswear,66,Womens Small accessories,Plastic hair clip. Width 7.5 cm.,839,https://retail-bucket-ai-project.s3.us-west-1.amazonaws.com/069/0690842001.jpg
690843001,690843,Flirty Bow Claw,Hair clip,Accessories,Solid,Light Pink,Dusty Light,Pink,Hair Accessories,Ladieswear,66,Womens Small accessories,Plastic hair clip. Width 9.5 cm.,717,https://retail-bucket-ai-project.s3.us-west-1.amazonaws.com/069/0690843001.jpg
690886001,690886,Kenneth Runner BB,Sneakers,Shoes,Chambray,Dark Blue,Dark,Blue,Young Boy Shoes,Baby/Children,42,Kids & Baby Shoes,"Trainers in mesh with imitation leather details, a lightly padded top edge, elasticated lacing at the front and a loop at the back. Mesh linings and insoles and thermoplastic rubber (TPR) soles.",690,https://retail-bucket-ai-project.s3.us-west-1.amazonaws.com/069/0690886001.jpg
690886002,690886,Kenneth Runner BB,Sneakers,Shoes,Solid,Black,Dark,Black,Young Boy Shoes,Baby/Children,42,Kids & Baby Shoes,"Trainers in mesh with imitation leather details, a lightly padded top edge, elasticated lacing at the front and a loop at the back. Mesh linings and insoles and thermoplastic rubber (TPR) soles.",1379,https://retail-bucket-ai-project.s3.us-west-1.amazonaws.com/069/0690886002.jpg
